placement,lat,lng,altitude,speed,rpm,payload,accelleration,odometer,fuelRate,totalFuel,accelerator,brakePressure,brakeSwitch,parkingSwitch,gear,distanceTraveled,fuelConsumed,travelTime,emission,speedLimit,timestamp,brake,fuelConsumed_noRound,instFuel
"{'x': 292.7735290527344, 'y': 435.6712341308594, 'z': -20380.920013427734, 'heading': 0.5500834584236145, 'pitch': -0.00013675556692760438, 'roll': -8.750231063459069e-05}",49.38481469541404,7.604097708832711,435.7,0.0,600.0,24.514,"{'x': -9.334981e-05, 'y': 0.000888121431, 'z': 0.000100875055}",683256.063,432.0,855.2073,0.0,100.0,1,1,1,0.0,0.0,1,1123.2,80,37621,0,0.0,432.0
"{'x': 292.7735290527344, 'y': 435.6712341308594, 'z': -20380.920013427734, 'heading': 0.5500834584236145, 'pitch': -0.00013675556692760438, 'roll': -8.750231063459069e-05}",49.38481469541404,7.604097708832711,435.7,0.0,600.0,24.514,"{'x': -0.000171506792, 'y': 0.0009553584, 'z': -1.021196e-05}",683256.063,432.5,855.2068,0.0,100.0,1,1,1,0.0,0.0,2,1124.5,80,37622,0,0.0004999999999881,432.5
"{'x': 292.7735290527344, 'y': 435.6712341308594, 'z': -20380.920013427734, 'heading': 0.5500834584236145, 'pitch': -0.00013675556692760438, 'roll': -8.750231063459069e-05}",49.38481469541404,7.604097708832711,435.7,0.0,600.0,24.514,"{'x': -0.000130734144, 'y': 0.0009423046, 'z': 2.667553e-05}",683256.063,433.0,855.2062,0.0,100.0,1,1,1,0.0,0.001,3,1125.8,80,37623,0,0.0011000000000649,433.0
"{'x': 292.7735290527344, 'y': 435.6712341308594, 'z': -20380.920013427734, 'heading': 0.5500834584236145, 'pitch': -0.00013664172729477286, 'roll': -9.031027730088681e-05}",49.38481469541404,7.604097708832711,435.7,0.0,600.0,24.514,"{'x': 0.000237676286, 'y': 0.00131371594, 'z': 5.41524823e-05}",683256.063,434.0,855.2058,0.0,100.0,1,1,1,0.0,0.002,4,1128.4,80,37624,0,0.0015000000000782,434.0
"{'x': 292.7735290527344, 'y': 435.6712646484375, 'z': -20380.920013427734, 'heading': 0.5500834584236145, 'pitch': -0.00013664172729477286, 'roll': -9.031027730088681e-05}",49.38481469541404,7.604097708832711,435.7,0.0,600.0,24.514,"{'x': 2.65013332e-05, 'y': 0.001417879, 'z': 1.98635134e-05}",683256.063,434.5,855.2053,0.0,100.0,1,1,1,0.0,0.002,5,1129.7,80,37625,0,0.0020000000000663,434.5
"{'x': 292.7735290527344, 'y': 435.6712646484375, 'z': -20380.920013427734, 'heading': 0.5500834584236145, 'pitch': -0.00013664172729477286, 'roll': -8.750231063459069e-05}",49.38481469541404,7.604097708832711,435.7,0.0,600.0,24.514,"{'x': -0.00209498638, 'y': -0.00351212942, 'z': 0.0001084666}",683256.063,435.0,855.2047,0.0,100.0,1,1,1,0.0,0.003,6,1131.0,80,37626,0,0.0026000000000294,435.0
"{'x': 292.7735290527344, 'y': 435.6712341308594, 'z': -20380.920013427734, 'heading': 0.5500834584236145, 'pitch': -0.00013664172729477286, 'roll': -8.750231063459069e-05}",49.38481469541404,7.604097708832711,435.7,0.0,600.0,24.514,"{'x': 0.0006262801, 'y': 0.001050848, 'z': -1.0491347e-05}",683256.063,435.5,855.2042,0.0,100.0,1,1,1,0.0,0.003,7,1132.3,80,37627,0,0.0031000000000176,435.5
"{'x': 292.7735290527344, 'y': 435.6712341308594, 'z': -20380.920013427734, 'heading': 0.5500834584236145, 'pitch': -0.00013664172729477286, 'roll': -8.750231063459069e-05}",49.38481469541404,7.604097708832711,435.7,0.0,600.0,24.514,"{'x': -0.000335795543, 'y': 0.0009818226, 'z': -1.270148e-05}",683256.063,436.0,855.2037,0.0,100.0,1,1,1,0.0,0.004,8,1133.6000000000001,80,37628,0,0.0036000000000058,436.0
"{'x': 292.7735290527344, 'y': 435.6712341308594, 'z': -20380.920013427734, 'heading': 0.5500834584236145, 'pitch': -0.00013664172729477286, 'roll': -8.750231063459069e-05}",49.38481469541404,7.604097708832711,435.7,0.0,600.0,24.514,"{'x': -9.20286839e-05, 'y': 0.00103958149, 'z': -9.478316e-05}",683256.063,51.033069249632575,855.2032,0.34435641654419213,100.0,1,1,1,0.0,0.004,9,132.6859800490447,80,37629,0,0.0040999999999939,51.033069249632575
"{'x': 292.7735290527344, 'y': 435.6712341308594, 'z': -20380.920013427734, 'heading': 0.5500834584236145, 'pitch': -0.00013664172729477286, 'roll': -8.750231063459069e-05}",49.38481469541404,7.604097708832711,435.7,0.6510197062258797,600.0,24.514,"{'x': -8.27802942e-05, 'y': 0.00104592962, 'z': 6.524215e-05}",683256.0631808388,51.09817122025517,855.2026,0.34435641654419213,100.0,1,1,1,0.00018083886243402958,0.005,10,132.85524517266344,80,37630,0,0.0047000000000707,51.09817122025517
"{'x': 292.7735290527344, 'y': 435.6712341308594, 'z': -20380.920013427734, 'heading': 0.5500834584236145, 'pitch': -0.00013664172729477286, 'roll': -8.750231063459069e-05}",49.38481469541404,7.604097708832711,435.7,1.3020394124517594,600.0,24.514,"{'x': -0.000230656966, 'y': 0.00166026922, 'z': -0.000262212823}",683256.0635425164,51.16327319087775,855.2021,0.34435641654419213,100.0,1,1,1,0.0005425164708867669,0.005,11,133.02451029628216,80,37631,0,0.0052000000000589,51.16327319087775
"{'x': 292.7735290527344, 'y': 435.6712646484375, 'z': -20380.920013427734, 'heading': 0.5500834584236145, 'pitch': -0.00013664172729477286, 'roll': -8.750231063459069e-05}",49.38481469541404,7.604097708832711,435.7,1.953059118677639,600.0,24.514,"{'x': 1.50205233e-06, 'y': -0.00319257681, 'z': 0.000108125671}",683256.0640850328,51.22837516150034,855.2016,0.34435641654419213,100.0,1,1,1,0.001085032825358212,0.006,12,133.19377541990087,80,37632,0,0.0057000000000471,51.22837516150034
"{'x': 292.7735290527344, 'y': 435.6712341308594, 'z': -20380.920013427734, 'heading': 0.5500834584236145, 'pitch': -0.00013664172729477286, 'roll': -9.031027730088681e-05}",49.38481469541404,7.604097708832711,435.7,2.6040788249035187,600.0,24.514,"{'x': 0.00155532546, 'y': 0.00139802811, 'z': -0.000519427354}",683256.064808388,51.29347713212293,855.2011,0.34435641654419213,100.0,1,1,1,0.0018083880422636867,0.006,13,133.36304054351962,80,37633,0,0.0062000000000352,51.29347713212293
"{'x': 292.7735290527344, 'y': 435.6712341308594, 'z': -20380.920013427734, 'heading': 0.5500834584236145, 'pitch': -0.00013664172729477286, 'roll': -9.031027730088681e-05}",49.38481469541404,7.604097708832711,435.7,3.2550985311293985,600.0,24.514,"{'x': -0.000253510429, 'y': 0.00136378361, 'z': -0.000149209125}",683256.0657125821,51.358579102745516,855.2006,0.34435641654419213,100.0,1,1,1,0.002712582121603191,0.007,14,133.53230566713836,80,37634,0,0.0067000000000234,51.358579102745516
"{'x': 292.7735290527344, 'y': 435.6712341308594, 'z': -20380.920013427734, 'heading': 0.5500834584236145, 'pitch': -0.00013664172729477286, 'roll': -9.031027730088681e-05}",49.38481469541404,7.604097708832711,435.7,3.906118237355278,600.0,24.514,"{'x': 0.0007714933, 'y': 0.00143414992, 'z': 2.84775815e-05}",683256.0667976149,51.4236810733681,855.2001,0.34435641654419213,100.0,1,1,1,0.003797614946961403,0.007,15,133.70157079075707,80,37635,0,0.0072000000000116,51.4236810733681
"{'x': 292.7735290527344, 'y': 435.6712341308594, 'z': -20380.920013427734, 'heading': 0.5500834584236145, 'pitch': -0.00013645199942402542, 'roll': -8.746436651563272e-05}",49.38481469541404,7.604097708832711,435.7,4.557137943581158,600.0,24.514,"{'x': 0.000386791769, 'y': 0.0009977373, 'z': 4.660754e-06}",683256.0680634866,51.48878304399069,855.1995,0.34435641654419213,100.0,1,1,1,0.0050634866347536445,0.008,16,133.87083591437582,80,37636,0,0.0078000000000884,51.48878304399069
"{'x': 292.7735290527344, 'y': 435.6712646484375, 'z': -20380.920013427734, 'heading': 0.5500834584236145, 'pitch': -0.00013645199942402542, 'roll': -8.746436651563272e-05}",49.38481469541404,7.604097708832711,435.7,5.208157649807037,600.0,24.514,"{'x': -0.00016775071, 'y': -0.00365679688, 'z': 0.000165339821}",683256.069510197,51.55388501461328,855.199,0.34435641654419213,100.0,1,1,1,0.006510197068564594,0.008,17,134.04010103799453,80,37637,0,0.0083000000000765,51.55388501461328
"{'x': 292.7735595703125, 'y': 435.6712951660156, 'z': -20380.91909790039, 'heading': 0.5500835180282593, 'pitch': -9.08035653992556e-05, 'roll': -9.042410965776071e-05}",49.38481468718975,7.604097709252278,435.7,5.859177356032917,600.0,24.514,"{'x': -0.000231737518, 'y': 0.000110695953, 'z': 0.002330944}",683256.0711377463,126.61898698523586,855.1983,25.34435641654419,100.0,1,0,1,0.008137746364809573,0.009,18,329.2093661616133,80,37638,0,0.0090000000000145,126.61898698523586
"{'x': 292.79144287109375, 'y': 435.6722717285156, 'z': -20380.863555908203, 'heading': 0.5500833988189697, 'pitch': 0.0001040085990098305, 'roll': -9.258700447389856e-05}",49.38481418824984,7.604097955118588,435.7,7.010197062258797,600.0,24.514,"{'x': 7.425653e-05, 'y': -0.000502303, 'z': -0.2303102}",683256.0730850232,132.73408895585845,855.1971,27.34435641654419,100.0,1,0,1,0.010085023241117597,0.01,19,345.108631285232,80,37639,0,0.0102000000000543,132.73408895585845
"{'x': 292.886962890625, 'y': 435.6726989746094, 'z': -20380.570373535156, 'heading': 0.5500831604003906, 'pitch': 0.00019185242126695812, 'roll': -9.816499368753284e-05}",49.38481155455981,7.604099268363555,435.7,8.761216768484676,600.0,24.514,"{'x': 0.00166793948, 'y': -0.002278086, 'z': -0.352902561}",683256.0755186946,138.90919092648105,855.1957,29.34435641654419,100.0,1,0,1,0.012518694624304771,0.012,20,361.16389640885075,80,37640,0,0.011600000000044,138.90919092648105
"{'x': 293.10394287109375, 'y': 435.67279052734375, 'z': -20379.903289794922, 'heading': 0.5500825643539429, 'pitch': 0.0002571566146798432, 'roll': -9.592621063347906e-05}",49.384805562072025,7.60410225148551,435.7,10.912236474710555,600.0,24.514,"{'x': 0.0002209567, 'y': -0.004995987, 'z': -0.42849347}",683256.0785498713,142.12429289710363,855.194,30.34435641654419,100.0,1,0,1,0.015549871372058988,0.013,21,369.52316153246943,80,37641,0,0.013300000000072,142.12429289710363
"{'x': 293.4521484375, 'y': 435.6722717285156, 'z': -20378.833221435547, 'heading': 0.5500825047492981, 'pitch': 0.00023681782477069646, 'roll': -9.486373164691031e-05}",49.384795949528375,7.604107038745918,435.7,4.6,759.0,24.514,"{'x': 0.0001778258, 'y': 6.3397456e-05, 'z': -0.378935367}",683256.0798276492,498.96,855.192,30.0,100.0,1,0,1,0.016827649204060435,0.015,22,1297.296,80,37642,0,0.0153000000000247,498.96
"{'x': 293.9181213378906, 'y': 435.67156982421875, 'z': -20377.400482177734, 'heading': 0.5500807166099548, 'pitch': 0.00018923418247140944, 'roll': -8.101362618617713e-05}",49.38478307907151,7.604113445115697,435.7,5.9,954.0,24.514,"{'x': -0.000637687044, 'y': -0.00487948535, 'z': -0.3103753}",683256.081466538,500.09000000000003,855.1893,30.0,100.0,1,0,1,0.01846653805114329,0.018,23,1300.2340000000002,80,37643,0,0.0180000000000291,500.09000000000003
"{'x': 294.4809265136719, 'y': 435.6708068847656, 'z': -20375.66860961914, 'heading': 0.5500752329826355, 'pitch': 0.0001207805034937337, 'roll': -5.1036688091699034e-05}",49.38476752146679,7.604121182771828,435.7,6.9,1117.0,24.514,"{'x': 0.00340486737, 'y': 0.002140047, 'z': -0.2557777}",683256.0833832048,501.19,855.1862,30.0,100.0,1,0,1,0.02038320479914546,0.021,24,1303.094,80,37644,0,0.0211000000000467,501.19
"{'x': 295.1222229003906, 'y': 435.6694641113281, 'z': -20373.69418334961, 'heading': 0.5500636696815491, 'pitch': 3.900796946254559e-05, 'roll': -3.832494985545054e-05}",49.38474978497496,7.604129999554494,435.7,7.7,1244.0,24.514,"{'x': -0.00114706228, 'y': 0.00116180815, 'z': -0.1957711}",683256.0855220936,502.77,855.1827,30.0,100.0,1,0,1,0.022522093611769378,0.025,25,1307.202,80,37645,0,0.0246000000000776,502.77
"{'x': 295.8248596191406, 'y': 435.6694641113281, 'z': -20371.529235839844, 'heading': 0.5500365495681763, 'pitch': 0.00014388930867426097, 'roll': 2.6865409381571226e-05}",49.38473033700955,7.604139659666996,435.7,8.4,1360.0,24.514,"{'x': 0.000279513653, 'y': -0.00573773775, 'z': -0.246084183}",683256.087855427,542.84,855.1783,43.0,100.0,1,0,1,0.024855426978319883,0.029,26,1411.3840000000002,80,37646,0,0.0289999999999963,542.84
"{'x': 296.625, 'y': 435.669677734375, 'z': -20369.063262939453, 'heading': 0.5499992370605469, 'pitch': 0.00022437170264311135, 'roll': 1.9314256860525347e-05}",49.38470818489942,7.604150660296325,435.7,9.5,1363.0,24.514,"{'x': -0.00246713636, 'y': 0.005003777, 'z': -0.2157805}",683256.0904943158,415.45,855.1739,0.0,100.0,1,0,1,0.027494315872900188,0.033,27,1080.17,80,37647,0,0.0334000000000287,415.45
"{'x': 297.472412109375, 'y': 435.67132568359375, 'z': -20366.448760986328, 'heading': 0.5499481558799744, 'pitch': 0.0002250547258881852, 'roll': 7.919224299257621e-05}",49.3846846985362,7.604162310835065,435.7,9.9,1024.0,24.514,"{'x': -0.00187741756, 'y': -0.002361068, 'z': -0.202281639}",683256.0932443158,545.99,855.1716,43.0,100.0,1,0,3,0.030244315857999027,0.036,28,1419.574,80,37648,0,0.0357000000000198,545.99
"{'x': 298.3928527832031, 'y': 435.6743469238281, 'z': -20363.60531616211, 'heading': 0.5499128699302673, 'pitch': 0.0004110255977138877, 'roll': 0.00012495451665017754}",49.38465915555359,7.604174965397832,435.7,11.2,1151.0,24.514,"{'x': -0.000399919227, 'y': -0.0044397735, 'z': -0.377756625}",683256.0963554269,547.12,855.1669,43.0,100.0,1,0,3,0.03335542697459459,0.04,29,1422.5120000000002,80,37649,0,0.0403999999999769,547.12
"{'x': 299.4327697753906, 'y': 435.6776123046875, 'z': -20360.39794921875, 'heading': 0.5499151945114136, 'pitch': 0.000374066672520712, 'roll': 0.00022486499801743776}",49.38463034341791,7.604189262565726,435.7,12.5,1293.0,24.514,"{'x': -0.009753564, 'y': 0.00180859119, 'z': -0.3743476}",683256.0998276492,548.75,855.1617,43.0,100.0,1,0,3,0.03682764922268689,0.046,30,1426.75,80,37650,0,0.0456000000000358,548.75
"{'x': 300.59429931640625, 'y': 435.6820373535156, 'z': -20356.832427978516, 'heading': 0.5499779582023621, 'pitch': 0.00046088595991022885, 'roll': 0.0002367798879276961}",49.38459831394216,7.604205231708444,435.7,13.8,1421.0,24.514,"{'x': 0.00225791568, 'y': 0.0007808184, 'z': -0.3195783}",683256.1036609825,549.88,855.156,43.0,100.0,1,0,3,0.040660982485860586,0.051,31,1429.688,80,37651,0,0.0513000000000829,549.88
"{'x': 301.8520202636719, 'y': 435.6867980957031, 'z': -20352.97235107422, 'heading': 0.5500654578208923, 'pitch': 0.00031198785291053355, 'roll': 0.0001501503138570115}",49.38456363843997,7.604222523326604,435.7,14.7,1196.0,24.514,"{'x': 0.0065504564, 'y': 0.0108260941, 'z': -0.125584543}",683256.1077443159,422.47,855.1532,0.0,100.0,1,0,5,0.0447443159064278,0.054,32,1098.422,80,37652,0,0.0541000000000622,422.47
"{'x': 303.17596435546875, 'y': 435.69024658203125, 'z': -20348.91522216797, 'heading': 0.5501327514648438, 'pitch': 0.0002348067209823057, 'roll': 8.951342169893906e-05}",49.38452719279762,7.604240725405333,435.7,15.1,999.0,24.514,"{'x': 0.00387567375, 'y': 0.00255508348, 'z': -0.190363511}",683256.1119387603,553.01,855.1499,43.0,100.0,1,0,5,0.04893876030109823,0.057,33,1437.826,80,37653,0,0.0574000000000296,553.01
"{'x': 304.5651550292969, 'y': 435.6898193359375, 'z': -20344.659637451172, 'heading': 0.5501326322555542, 'pitch': 0.00014662138710264117, 'roll': 6.978176679695025e-05}",49.38448896440455,7.604259824518484,435.7,16.0,1062.0,24.514,"{'x': 0.0331199169, 'y': 0.000526987249, 'z': -0.2733938}",683256.1163832047,554.1,855.1454,43.0,100.0,1,0,5,0.05338320473674685,0.062,34,1440.66,80,37654,0,0.0619000000000369,554.1
"{'x': 306.0185546875, 'y': 435.682861328125, 'z': -20340.20053100586, 'heading': 0.5501463413238525, 'pitch': -0.00016214109200518578, 'roll': -5.25545074196998e-05}",49.38444890775305,7.604279806400775,435.7,17.1,1130.0,24.514,"{'x': 0.00564168068, 'y': 0.0147078577, 'z': -0.287916958}",683256.1211332047,555.21,855.1408,43.0,100.0,1,0,5,0.05813320470042527,0.067,35,1443.546,80,37655,0,0.0665000000000191,555.21
"{'x': 307.56427001953125, 'y': 435.674072265625, 'z': -20335.46029663086, 'heading': 0.5501676201820374, 'pitch': 3.1608597055310383e-05, 'roll': 2.9369812182267196e-05}",49.38440632569793,7.604301057473491,435.7,18.1,1198.0,24.514,"{'x': 0.00369038386, 'y': -0.03873372, 'z': -0.276603937}",683256.1261609825,556.81,855.1359,43.0,100.0,1,0,5,0.063160982565023,0.071,36,1447.706,80,37656,0,0.0714000000000396,556.81
"{'x': 309.1974182128906, 'y': 435.6691589355469, 'z': -20330.449829101562, 'heading': 0.5501668453216553, 'pitch': 5.171970769879408e-05, 'roll': 0.00016441782645415515}",49.3843613161082,7.604323510605897,435.7,19.1,1263.0,24.514,"{'x': -0.002075484, 'y': -0.0130115608, 'z': -0.26709345}",683256.1314665381,557.91,855.1307,43.0,100.0,1,0,5,0.06846653809770942,0.077,37,1450.566,80,37657,0,0.0765999999999849,557.91
"{'x': 310.9158020019531, 'y': 435.6644287109375, 'z': -20325.179962158203, 'heading': 0.5501643419265747, 'pitch': -2.8269392714719288e-05, 'roll': 0.00010347735951654613}",49.38431397630454,7.604347135589164,435.7,20.0,1325.0,24.514,"{'x': -0.00180792809, 'y': 0.009068912, 'z': -0.257992148}",683256.1370220936,568.5,855.1251,46.0,100.0,1,0,5,0.07402209367137402,0.082,38,1478.1000000000001,80,37658,0,0.0822000000000571,568.5
"{'x': 312.7181091308594, 'y': 435.65283203125, 'z': -20319.643585205078, 'heading': 0.5500364303588867, 'pitch': -0.00022365074255503714, 'roll': 3.559287142707035e-05}",49.38426424241168,7.604371914381907,435.7,21.1,1397.0,24.514,"{'x': 0.000887312344, 'y': 0.008672822, 'z': -0.321643859}",683256.1428832047,588.11,855.1184,52.0,100.0,1,0,5,0.07988320477306843,0.089,39,1529.086,80,37659,0,0.0889000000000805,588.11
"{'x': 314.6116027832031, 'y': 435.6324157714844, 'z': -20313.798889160156, 'heading': 0.5499231219291687, 'pitch': -0.0004085211839992553, 'roll': 0.00011235661077080294}",49.38421173885396,7.604397946841091,435.6,22.2,1263.0,24.514,"{'x': -0.004992063, 'y': 0.006586695, 'z': -0.224104792}",683256.1490498714,433.72,855.1138,0.0,100.0,1,0,5,0.08604987140279263,0.094,40,1127.672,80,37660,0,0.0935000000000627,433.72
"{'x': 316.5974426269531, 'y': 435.60870361328125, 'z': -20307.659606933594, 'heading': 0.5498131513595581, 'pitch': -0.0005530555499717593, 'roll': 5.471740223583765e-05}",49.38415658899566,7.6044252489102675,435.6,22.7,980.0,24.514,"{'x': -0.007737267, 'y': 0.008134825, 'z': -0.1772651}",683256.155355427,590.77,855.1108,52.0,100.0,1,0,7,0.0923554269829765,0.096,41,1536.002,80,37661,0,0.0964999999999918,590.77
"{'x': 318.57330322265625, 'y': 435.5770568847656, 'z': -20301.535217285156, 'heading': 0.5497034788131714, 'pitch': -0.0006996390293352306, 'roll': 6.101635517552495e-05}",49.38410157291905,7.604452413781007,435.6,23.6,1018.0,24.514,"{'x': -0.003215813, 'y': -0.00132579252, 'z': -0.274263352}",683256.1619109825,591.86,855.1059,52.0,100.0,1,0,7,0.09891098248772323,0.101,42,1538.836,80,37662,0,0.1014000000000123,591.86
"{'x': 320.6602478027344, 'y': 435.5351867675781, 'z': -20295.036834716797, 'heading': 0.549380362033844, 'pitch': -0.0008138929260894656, 'roll': 0.00011023166007362306}",49.38404319722224,7.604481105875926,435.5,24.7,1064.0,24.514,"{'x': 0.00286959717, 'y': -0.0005188624, 'z': -0.303346843}",683256.1687720936,592.97,855.1006,52.0,100.0,1,0,7,0.10577209363691509,0.107,43,1541.7220000000002,80,37663,0,0.1067000000000462,592.97
"{'x': 322.8213806152344, 'y': 435.48388671875, 'z': -20288.23321533203, 'heading': 0.5488532781600952, 'pitch': -0.0011333560105413198, 'roll': 0.00025867443764582276}",49.38398207954901,7.604510817938422,435.5,25.8,1113.0,24.514,"{'x': 0.00323383254, 'y': 0.005542728, 'z': -0.321151674}",683256.1759387603,594.58,855.0952,52.0,100.0,1,0,7,0.11293876031413674,0.112,44,1545.9080000000001,80,37664,0,0.1121000000000549,594.58
"{'x': 325.0618591308594, 'y': 435.4187927246094, 'z': -20281.111755371094, 'heading': 0.5484575033187866, 'pitch': -0.0012658616760745645, 'roll': 4.337169957580045e-05}",49.38391810667835,7.604541620875332,435.4,27.0,1162.0,24.514,"{'x': -0.0183236413, 'y': 0.008882482, 'z': -0.321927041}",683256.1834387602,595.7,855.0895,52.0,100.0,1,0,7,0.120438760262914,0.118,45,1548.8200000000002,80,37665,0,0.1177999999999883,595.7
"{'x': 327.4378662109375, 'y': 435.34417724609375, 'z': -20273.546966552734, 'heading': 0.5484265089035034, 'pitch': -0.001357613829895854, 'roll': -0.0001084482209989801}",49.38385015133503,7.604574287109654,435.3,28.2,1214.0,24.514,"{'x': -0.0213170052, 'y': 0.0205434076, 'z': -0.324985564}",683256.1912720936,597.3199999999999,855.0834,52.0,100.0,1,0,7,0.12827209359966218,0.124,46,1553.032,80,37666,0,0.1239000000000487,597.3199999999999
"{'x': 329.8929443359375, 'y': 435.2632141113281, 'z': -20265.786743164062, 'heading': 0.548910915851593, 'pitch': -0.0012615738669410348, 'roll': -1.1459539564384613e-05}",49.38378044038113,7.604608040442286,435.3,29.3,1265.0,24.514,"{'x': -0.0944083855, 'y': -0.00163183769, 'z': -0.31117487}",683256.1994109825,595.4300000000001,855.0772,51.0,100.0,1,0,7,0.1364109825808555,0.13,47,1548.1180000000002,80,37667,0,0.130100000000084,595.4300000000001
"{'x': 332.4994812011719, 'y': 435.1780090332031, 'z': -20257.732299804688, 'heading': 0.5498257875442505, 'pitch': -0.0015685908729210496, 'roll': 0.00016688428877387196}",49.38370808641635,7.604643876086347,435.2,30.5,1313.0,24.514,"{'x': -0.0294330828, 'y': -0.01722692, 'z': -0.30507493}",683256.2078832047,206.79834910353543,855.0707,51.24944970117848,100.0,1,0,7,0.14488320471718907,0.137,48,537.6757076691921,80,37668,0,0.136600000000044,206.79834910353543
"{'x': 335.2153015136719, 'y': 435.0821533203125, 'z': -20249.376342773438, 'heading': 0.5503737926483154, 'pitch': -0.0014285719953477383, 'roll': -9.679895447334275e-05}",49.38363302392056,7.60468121420013,435.1,31.850243974949105,1361.0,24.514,"{'x': 0.0253715646, 'y': -0.00187691674, 'z': -0.302740276}",683256.2167304948,206.93337350103033,855.0641,51.24944970117848,100.0,1,0,7,0.15373049478512257,0.143,49,538.0267711026789,60,37669,0,0.1431999999999789,206.93337350103033
"{'x': 338.05706787109375, 'y': 434.9910583496094, 'z': -20240.74169921875, 'heading': 0.5506152510643005, 'pitch': -0.0015833136858418584, 'roll': 0.0001240058772964403}",49.38355545795259,7.604720283867261,435.0,33.20048794989821,1406.0,24.514,"{'x': 0.0100726569, 'y': 0.007784612, 'z': -0.281567931}",683256.2259528525,207.06839789852523,855.0573,51.24944970117848,100.0,1,0,7,0.16295285255182534,0.15,50,538.3778345361657,60,37670,0,0.1499999999999772,207.06839789852523
"{'x': 340.966552734375, 'y': 434.8878479003906, 'z': -20231.84326171875, 'heading': 0.5499613285064697, 'pitch': -0.0016883468488231301, 'roll': 0.0004366388020571321}",49.38347552229413,7.604760284553747,434.9,34.25073192484731,1162.0,24.514,"{'x': 0.00529426336, 'y': -0.03898604, 'z': -0.138791442}",683256.2354669446,108.17342229602016,855.0547,18.249449701178477,100.0,1,0,8,0.17246694467030466,0.153,51,281.25089796965244,60,37671,0,0.1526000000000067,108.17342229602016
"{'x': 343.97119140625, 'y': 434.8060607910156, 'z': -20222.62825012207, 'heading': 0.5502734184265137, 'pitch': -0.0011034549679607153, 'roll': 0.001537779113277793}",49.383392742815175,7.6048015934503965,434.8,35.00097589979641,1187.0,24.514,"{'x': 0.08613477, 'y': 0.0311670024, 'z': -0.144736946}",683256.245189438,207.24844669351506,855.0491,51.24944970117848,100.0,1,0,8,0.18218943802639842,0.158,52,538.8459614031392,60,37672,0,0.1582000000000789,207.24844669351506
"{'x': 346.923828125, 'y': 434.70794677734375, 'z': -20213.172760009766, 'heading': 0.5472196936607361, 'pitch': -0.0017570661148056388, 'roll': 0.0008285777876153588}",49.38330780309085,7.604842187404738,434.7,36.251219874745516,1218.0,24.514,"{'x': -0.00928953849, 'y': -0.15420267, 'z': -0.2984945}",683256.2552592213,207.37347109100997,855.0429,51.24944970117848,100.0,1,0,8,0.19225922133773565,0.164,53,539.171024836626,60,37673,0,0.1644000000000005,207.37347109100997
"{'x': 349.7306213378906, 'y': 434.59442138671875, 'z': -20203.564575195312, 'heading': 0.5444812774658203, 'pitch': -0.001700489316135645, 'roll': 0.0002892205666285008}",49.38322149169294,7.604880776247993,434.6,37.401463849694615,1251.0,24.514,"{'x': 0.0586307757, 'y': -0.01535018, 'z': -0.245786667}",683256.2656485168,207.48849548850487,855.0368,51.24944970117848,100.0,1,0,8,0.20264851686079055,0.171,54,539.4700882701127,60,37674,0,0.1705000000000609,207.48849548850487
"{'x': 352.3834228515625, 'y': 434.49334716796875, 'z': -20193.63444519043, 'heading': 0.5401905179023743, 'pitch': -0.0013414111454039812, 'roll': 0.000292901269858703}",49.38313228822542,7.6049172479557505,434.5,38.551707824643714,1284.0,24.514,"{'x': -0.01658108, 'y': -0.00107657956, 'z': -0.270340919}",683256.2763573246,207.6035198859998,855.0305,51.24944970117848,100.0,1,0,8,0.2133573245955631,0.177,55,539.7691517035995,60,37675,0,0.1768000000000711,207.6035198859998
"{'x': 354.85809326171875, 'y': 434.3799133300781, 'z': -20183.38673400879, 'heading': 0.5372485518455505, 'pitch': -0.0017771392595022917, 'roll': 0.00034204067196696997}",49.383040231890696,7.604951270650449,434.4,39.80195179959282,1316.0,24.514,"{'x': 0.0109088421, 'y': -0.1076913, 'z': -0.236413658}",683256.2874134223,207.7285442834947,855.0239,51.24944970117848,100.0,1,0,8,0.22441342228557914,0.183,56,540.0942151370863,60,37676,0,0.183400000000006,207.7285442834947
"{'x': 357.294677734375, 'y': 434.2232666015625, 'z': -20172.850799560547, 'heading': 0.5357274413108826, 'pitch': -0.0021547728683799505, 'roll': 0.000700435892213136}",49.38294558641415,7.60498476972543,434.2,41.05219577454192,1350.0,24.514,"{'x': 0.00115668378, 'y': -0.0355353132, 'z': -0.246353313}",683256.2988168099,207.8535686809896,855.0173,51.24944970117848,100.0,1,0,8,0.23581680993083864,0.19,57,540.419278570573,60,37677,0,0.1900000000000545,207.8535686809896
"{'x': 359.7019958496094, 'y': 434.0759582519531, 'z': -20162.018280029297, 'heading': 0.5344184637069702, 'pitch': -0.0019266444724053144, 'roll': 0.0005716488813050091}",49.38284827668068,7.605017866435578,434.1,42.20243974949103,1385.0,24.514,"{'x': 0.07956597, 'y': -0.02819318, 'z': -0.245512113}",683256.3105397099,210.96859307848453,855.0105,52.24944970117848,100.0,1,0,8,0.24753970990423113,0.197,58,548.5183420040598,60,37678,0,0.1968000000000529,210.96859307848453
"{'x': 362.0421447753906, 'y': 433.8918151855469, 'z': -20150.883712768555, 'heading': 0.5322940945625305, 'pitch': -0.0027335553895682096, 'roll': 0.00040214633918367326}",49.38274825361868,7.605050039678579,433.9,43.452683724440135,1155.0,24.514,"{'x': 0.00621276163, 'y': -0.0105733033, 'z': -0.21794796}",683256.3226098998,55.09361747597944,855.0063,0.2494497011784771,100.0,1,0,8,0.2596098998328671,0.201,59,143.24340543754656,60,37679,0,0.2010000000000218,55.09361747597944
"{'x': 364.28472900390625, 'y': 433.6728210449219, 'z': -20139.48486328125, 'heading': 0.5303452610969543, 'pitch': -0.003186966059729457, 'roll': 0.0008864067494869232}",49.38264585647992,7.605080871565617,433.7,44.602927699389234,1138.0,24.514,"{'x': -0.003199107, 'y': 0.0304830372, 'z': -0.283799917}",683256.3349996019,235.20864187347433,855.0011,60.24944970117848,100.0,1,0,9,0.2719996019732207,0.206,60,611.5424688710333,60,37680,0,0.2062000000000807,235.20864187347433
"{'x': 366.4977722167969, 'y': 433.4119873046875, 'z': -20127.583068847656, 'heading': 0.5291336178779602, 'pitch': -0.003534091403707862, 'roll': 0.0007671061321161687}",49.382538941330495,7.60511129731172,433.4,46.05317167433833,1170.0,24.514,"{'x': -0.06688803, 'y': 0.0213203318, 'z': -0.343740761}",683256.3477921496,223.35366627096926,854.9946,56.24944970117848,100.0,1,0,9,0.2847921496722847,0.213,61,580.71953230452,60,37681,0,0.2127000000000407,223.35366627096926
"{'x': 368.74639892578125, 'y': 433.15435791015625, 'z': -20115.5225982666, 'heading': 0.5292782187461853, 'pitch': -0.0030631879344582558, 'roll': 0.0006544080097228289}",49.38243060077551,7.605142212273041,433.2,47.50341564928744,1205.0,24.514,"{'x': -0.000694694, 'y': -0.0102992579, 'z': -0.3389169}",683256.3609875429,223.49869066846415,854.9883,56.24944970117848,100.0,1,0,9,0.29798754293005913,0.219,62,581.0965957380068,60,37682,0,0.2190000000000509,223.49869066846415
"{'x': 371.05828857421875, 'y': 432.8857421875, 'z': -20103.114868164062, 'heading': 0.5293096899986267, 'pitch': -0.0033529018983244896, 'roll': 0.0007587581058032811}",49.38231914074944,7.605173996996923,432.9,49.05365962423654,1239.0,24.514,"{'x': 0.000735725742, 'y': -0.0070702, 'z': -0.342596352}",683256.3746135595,223.65371506595906,854.9816,56.24944970117848,100.0,1,0,9,0.31161355949006975,0.226,63,581.4996591714936,60,37683,0,0.2257000000000744,223.65371506595906
"{'x': 373.4199523925781, 'y': 432.61590576171875, 'z': -20090.362014770508, 'heading': 0.5290327072143555, 'pitch': -0.003158658742904663, 'roll': 0.0008338142652064562}",49.38220458044227,7.6052064660347165,432.6,50.50390359918564,1272.0,24.514,"{'x': -0.0109754549, 'y': 0.00713276258, 'z': -0.3394148}",683256.3886424216,223.79873946345398,854.9748,56.24944970117848,100.0,1,0,9,0.32564242160879076,0.233,64,581.8767226049804,60,37684,0,0.2325000000000727,223.79873946345398
"{'x': 375.79937744140625, 'y': 432.3538513183594, 'z': -20077.27285003662, 'heading': 0.5283049941062927, 'pitch': -0.0026499994564801455, 'roll': 0.0011863278923556209}",49.38208699901276,7.605239179260552,432.4,51.95414757413475,1303.0,24.514,"{'x': 0.011468241, 'y': -0.1796883, 'z': -0.282237828}",683256.4030741293,223.9437638609489,854.9678,56.24944970117848,100.0,1,0,9,0.34007412928622216,0.24,65,582.2537860384672,60,37685,0,0.2395000000000209,223.9437638609489
"{'x': 378.1641540527344, 'y': 432.1095275878906, 'z': -20063.861419677734, 'heading': 0.5275362133979797, 'pitch': -0.0029650989454239607, 'roll': 0.000791580940131098}",49.38196652263512,7.605271691094187,432.1,53.304391549083846,1333.0,24.514,"{'x': 0.0208953544, 'y': 0.01584917, 'z': -0.329618335}",683256.4178809046,224.0787882584438,854.9606,56.24944970117848,100.0,1,0,9,0.35488090466242284,0.247,66,582.6048494719539,60,37686,0,0.2467000000000325,224.0787882584438
"{'x': 380.5731201171875, 'y': 431.8619689941406, 'z': -20049.913360595703, 'heading': 0.5271434783935547, 'pitch': -0.002822423819452524, 'roll': 0.0009121717303059995}",49.38184122566169,7.605304810460958,431.9,49.8,1361.0,24.514,"{'x': 0.0136162657, 'y': 0.006199967, 'z': -0.245111778}",683256.431714238,639.48,854.9532,56.0,100.0,1,0,9,0.3687142380513251,0.254,67,1662.6480000000001,60,37687,0,0.254099999999994,639.48
"{'x': 382.9560546875, 'y': 431.6463928222656, 'z': -20035.89697265625, 'heading': 0.5265756845474243, 'pitch': -0.002224706346169114, 'roll': 0.0009952723048627377}",49.3817153148825,7.605337571937008,431.6,50.8,1388.0,24.514,"{'x': 0.002250254, 'y': -0.02484867, 'z': -0.277745873}",683256.4458253491,641.08,854.9459,56.0,100.0,1,0,9,0.382825349108316,0.261,68,1666.8080000000002,60,37688,0,0.2613999999999805,641.08
"{'x': 385.32073974609375, 'y': 431.42498779296875, 'z': -20021.633903503418, 'heading': 0.5258838534355164, 'pitch': -0.0022610581945627928, 'roll': 0.0004907490801997483}",49.3815871881384,7.605370082511943,431.4,51.5,1503.1210262072643,24.514,"{'x': 0.00696451776, 'y': -0.0492732972, 'z': -0.08982637}",683256.4601309047,639.15,854.9437,55.0,100.0,1,0,10,0.3971309047192335,0.264,69,1661.79,60,37689,0,0.2635999999999967,639.15
"{'x': 387.6241455078125, 'y': 431.206787109375, 'z': -20007.1905708313, 'heading': 0.5247775316238403, 'pitch': -0.0022398466244339943, 'roll': 0.0008137031691148877}",49.38145744206697,7.605401750596176,431.2,52.1,1517.1210262072643,24.514,"{'x': -0.0104654375, 'y': -0.0102902036, 'z': -0.178653285}",683256.4746031269,643.71,854.9376,56.0,100.0,1,0,10,0.41160312690772116,0.27,70,1673.6460000000002,60,37690,0,0.2697000000000571,643.71
"{'x': 389.9131164550781, 'y': 431.0074768066406, 'z': -19992.290090560913, 'heading': 0.5239890813827515, 'pitch': -0.001962275244295597, 'roll': 0.0008065694128163159}",49.38132358938757,7.60543322022518,431.0,52.9,1534.1210262072643,24.514,"{'x': 0.006555045, 'y': -0.01892083, 'z': -0.205113068}",683256.4892975712,644.79,854.9312,56.0,100.0,1,0,10,0.4262975712772459,0.276,71,1676.454,60,37691,0,0.2761000000000422,644.79
"{'x': 392.1115417480469, 'y': 430.822021484375, 'z': -19977.402905464172, 'heading': 0.522960364818573, 'pitch': -0.0018422157736495137, 'roll': 0.000814044673461467}",49.3811898561402,7.60546344499865,430.8,53.6,1551.1210262072643,24.514,"{'x': 0.0162473712, 'y': -0.00104068592, 'z': -0.219561756}",683256.5041864602,646.36,854.9249,56.0,100.0,1,0,10,0.4411864602006972,0.282,72,1680.536,60,37692,0,0.2824000000000524,646.36
"{'x': 394.29583740234375, 'y': 430.64599609375, 'z': -19962.30062866211, 'heading': 0.5228767395019531, 'pitch': -0.001831742818467319, 'roll': 0.0007990182493813336}",49.38105419070001,7.605493475512562,430.6,54.4,1567.1210262072643,24.514,"{'x': 0.00318877213, 'y': 0.0779673, 'z': -0.208494872}",683256.5192975713,644.44,854.9185,55.0,100.0,1,0,10,0.45629757130518556,0.289,73,1675.544,60,37693,0,0.2888000000000374,644.44
"{'x': 396.5480041503906, 'y': 430.47509765625, 'z': -19946.744506835938, 'heading': 0.5227352380752563, 'pitch': -0.001546278828755021, 'roll': 0.0008790832362137735}",49.38091444831925,7.605524439143664,430.5,55.1,1583.1210262072643,24.514,"{'x': 0.09081436, 'y': -0.02257036, 'z': -0.200781226}",683256.5346031268,646.01,854.9118,55.0,100.0,1,0,10,0.4716031268471852,0.296,74,1679.626,60,37694,0,0.2955000000000609,646.01
"{'x': 398.71099853515625, 'y': 430.32476806640625, 'z': -19931.235961914062, 'heading': 0.5218793749809265, 'pitch': -0.0012792943743988872, 'roll': 0.0009359255782328546}",49.38077513332714,7.605554176799751,430.3,55.7,1597.1210262072643,24.514,"{'x': 0.0057841856, 'y': -0.124110423, 'z': -0.114998654}",683256.550075349,650.0699999999999,854.9052,56.0,100.0,1,0,10,0.4870753490831703,0.302,75,1690.1819999999998,60,37695,0,0.3020999999999958,650.0699999999999
"{'x': 400.8687438964844, 'y': 430.1667175292969, 'z': -19915.54525756836, 'heading': 0.5216823816299438, 'pitch': -0.001530759152956307, 'roll': 0.0007883935468271375}",49.38063418197657,7.605583842290302,430.2,56.4,1611.1210262072643,24.514,"{'x': 0.0188255478, 'y': -0.00282875635, 'z': -0.149297968}",683256.5657420157,648.64,854.8985,55.0,100.0,1,0,10,0.5027420157566667,0.309,76,1686.464,60,37696,0,0.3088000000000193,648.64
"{'x': 403.0586242675781, 'y': 430.03314208984375, 'z': -19899.678924560547, 'heading': 0.5221002697944641, 'pitch': -0.0011860623490065336, 'roll': 0.0007959446520544589}",49.3804916529341,7.605613949584989,430.0,57.0,1625.1210262072643,24.514,"{'x': 0.03807408, 'y': -0.002649409, 'z': -0.168084189}",683256.5815753491,650.2,854.8918,55.0,100.0,1,0,10,0.5185753491241485,0.316,77,1690.5200000000002,60,37697,0,0.3155000000000427,650.2
"{'x': 405.32763671875, 'y': 429.90850830078125, 'z': -19883.65899658203, 'heading': 0.5225505232810974, 'pitch': -0.0011892117327079177, 'roll': 0.0005766196991316974}",49.380347744130844,7.605645144817121,429.9,57.5,1637.1210262072643,24.514,"{'x': -0.0028784594, 'y': 0.0446169339, 'z': -0.143381089}",683256.5975475713,651.25,854.8849,55.0,100.0,1,0,10,0.5345475713256747,0.322,78,1693.25,60,37698,0,0.322400000000016,651.25
"{'x': 407.6643371582031, 'y': 429.78448486328125, 'z': -19867.49087524414, 'heading': 0.5229982137680054, 'pitch': -0.0011228830553591251, 'roll': 0.0007223683642223477}",49.38020250409008,7.605677270649041,429.8,58.1,1649.1210262072643,24.514,"{'x': -0.00284944684, 'y': 0.0215349682, 'z': -0.162899837}",683256.6136864602,652.81,854.878,55.0,100.0,1,0,10,0.5506864602211863,0.329,79,1697.3059999999998,60,37699,0,0.3292999999999892,652.81
"{'x': 410.0555725097656, 'y': 429.6870422363281, 'z': -19851.178314208984, 'heading': 0.5232177376747131, 'pitch': -0.0008225823985412717, 'roll': 0.0006774029461666942}",49.38005596653137,7.605710146247337,429.7,58.6,1660.1210262072643,24.514,"{'x': -0.0122775482, 'y': -0.09746386, 'z': -0.123313084}",683256.6299642379,654.36,854.871,55.0,100.0,1,0,10,0.5669642379507422,0.336,80,1701.336,60,37700,0,0.3363000000000511,654.36
"{'x': 412.5241394042969, 'y': 429.57550048828125, 'z': -19834.459350585938, 'heading': 0.5233920216560364, 'pitch': -0.0008831433951854706, 'roll': 0.0007810320821590722}",49.3799057782128,7.605744085028619,429.6,59.1,1671.1210262072643,24.514,"{'x': 0.0210136361, 'y': 0.008258096, 'z': -0.07309442}",683256.6463809046,655.91,854.8638,55.0,100.0,1,0,10,0.5833809046307579,0.344,81,1705.366,60,37701,0,0.3435000000000627,655.91
"{'x': 415.0050964355469, 'y': 429.4811096191406, 'z': -19817.88021850586, 'heading': 0.5241512060165405, 'pitch': -0.0009021920850500464, 'roll': 0.0007995874620974064}",49.37975684601661,7.605778194154137,429.5,59.6,1682.1210262072643,24.514,"{'x': -0.109623358, 'y': 0.06281192, 'z': -0.153950259}",683256.6629364602,656.96,854.8568,55.0,100.0,1,0,10,0.5999364602612332,0.351,82,1708.0960000000002,60,37702,0,0.3505000000000109,656.96
"{'x': 417.6705017089844, 'y': 429.4012451171875, 'z': -19801.19921875, 'heading': 0.5256294012069702, 'pitch': -0.000684347003698349, 'roll': 0.0009025715407915413}",49.3796069987317,7.6058148391431,429.4,60.0,1691.1210262072643,24.514,"{'x': -0.0121457819, 'y': 0.0550153963, 'z': -0.136772}",683256.6796031268,658.5,854.8497,55.0,100.0,1,0,10,0.6166031268658116,0.358,83,1712.1000000000001,60,37703,0,0.3576000000000476,658.5
"{'x': 420.42694091796875, 'y': 429.3370666503906, 'z': -19784.411010742188, 'heading': 0.5260403752326965, 'pitch': -0.00037649518344551325, 'roll': 0.0005432656616903841}",49.37945618838309,7.60585273570067,429.3,60.4,1700.1210262072643,24.514,"{'x': -0.006972993, 'y': -0.07722788, 'z': -0.06303475}",683256.6963809046,660.04,854.8425,55.0,100.0,1,0,10,0.633380904677324,0.365,84,1716.104,60,37704,0,0.3648000000000593,660.04
"{'x': 423.2617492675781, 'y': 429.25262451171875, 'z': -19767.525299072266, 'heading': 0.5267778038978577, 'pitch': -0.000696185976266861, 'roll': 0.0008549119811505079}",49.37930450214818,7.605891709706506,429.3,60.8,1709.1210262072643,24.514,"{'x': -0.00321730785, 'y': -0.0683937743, 'z': -0.06367564}",683256.7132697935,661.58,854.8354,55.0,100.0,1,0,10,0.6502697935793549,0.372,85,1720.1080000000002,60,37705,0,0.3718999999999823,661.58
"{'x': 426.26007080078125, 'y': 429.1841125488281, 'z': -19750.268280029297, 'heading': 0.5278990864753723, 'pitch': -0.0007298056734725833, 'roll': 0.0008978662663139403}",49.379149480417645,7.605932931752769,429.2,61.2,1717.1210262072643,24.514,"{'x': 0.0179772489, 'y': -0.173474848, 'z': -0.03124179}",683256.7302697935,663.12,854.8282,55.0,100.0,1,0,10,0.6672697935719043,0.379,86,1724.112,60,37706,0,0.379099999999994,663.12
"{'x': 429.37225341796875, 'y': 429.1307067871094, 'z': -19733.21157836914, 'heading': 0.5291558504104614, 'pitch': -0.00043724593706429005, 'roll': 0.000914069009013474}",49.37899625816055,7.605975719203816,429.1,61.5,1725.1210262072643,24.514,"{'x': 0.00678178249, 'y': 0.108654588, 'z': -0.118826896}",683256.7473531269,664.65,854.8209,55.0,100.0,1,0,10,0.6843531269114465,0.386,87,1728.09,60,37707,0,0.3863999999999805,664.65
"{'x': 432.6135559082031, 'y': 429.06805419921875, 'z': -19716.081298828125, 'heading': 0.5300876498222351, 'pitch': -0.0003687922435346991, 'roll': 0.0007382296025753021}",49.37884237494512,7.606020281843188,429.1,61.9,1732.1210262072643,24.514,"{'x': -0.0294103213, 'y': -0.00610944349, 'z': -0.07573818}",683256.7645475713,666.19,854.8138,55.0,100.0,1,0,10,0.7015475713415071,0.394,88,1732.0940000000003,60,37708,0,0.3935000000000173,666.19
"{'x': 435.9665832519531, 'y': 429.0015563964844, 'z': -19698.877395629883, 'heading': 0.530962347984314, 'pitch': -0.0002770021092146635, 'roll': 0.001006618025712669}",49.37868783036016,7.606066380517648,429.0,62.2,1739.1210262072643,24.514,"{'x': 0.0245363433, 'y': -0.1880175, 'z': -0.04321281}",683256.7818253491,667.72,854.8066,55.0,100.0,1,0,10,0.7188253491185606,0.401,89,1736.0720000000001,60,37709,0,0.4007000000000289,667.72
"{'x': 439.4684143066406, 'y': 428.9383239746094, 'z': -19681.336837768555, 'heading': 0.5316035151481628, 'pitch': -0.0005945679149590433, 'roll': 0.0010061627253890038}",49.378530261568734,7.6061145250012,428.9,62.3,1461.1210262072643,24.514,"{'x': -0.000659169629, 'y': -0.0161414761, 'z': 0.0169397276}",683256.7991309046,662.73,854.8044,53.0,100.0,1,0,11,0.7361309046391398,0.403,90,1723.0980000000002,60,37710,0,0.4029000000000451,662.73
"{'x': 443.1001892089844, 'y': 428.8774108886719, 'z': -19663.798126220703, 'heading': 0.5338312983512878, 'pitch': -0.00035110965836793184, 'roll': 0.0005176144768483937}",49.37837270936295,7.60616445600139,428.9,62.5,1463.1210262072643,24.514,"{'x': -0.222148359, 'y': -0.0695323348, 'z': 0.00310326717}",683256.8164920157,666.75,854.7986,54.0,100.0,1,0,11,0.7534920157631859,0.409,91,1733.55,60,37711,0,0.4087000000000671,666.75
"{'x': 447.2041015625, 'y': 428.7818908691406, 'z': -19646.60565185547, 'heading': 0.5390655398368835, 'pitch': -0.0007890386041253805, 'roll': 0.0004470358544494957}",49.37821826744448,7.606220878123908,428.8,62.7,1468.1210262072643,24.514,"{'x': 0.0587210357, 'y': -0.0521541573, 'z': -0.04870621}",683256.8339086825,668.27,854.7928,54.0,100.0,1,0,11,0.770908682490699,0.414,92,1737.502,60,37712,0,0.4144999999999754,668.27
"{'x': 451.6051940917969, 'y': 428.71484375, 'z': -19629.69891357422, 'heading': 0.541096031665802, 'pitch': -0.0003484534681774676, 'roll': 0.0008022057008929551}",49.37806639232517,7.606281385990674,428.7,63.0,1473.1210262072643,24.514,"{'x': 0.0155652175, 'y': -0.0420407951, 'z': -0.07711159}",683256.8514086824,668.3,854.7871,54.0,100.0,1,0,11,0.7884086824487895,0.42,93,1737.58,60,37713,0,0.4202000000000225,668.3
"{'x': 456.1687927246094, 'y': 428.619384765625, 'z': -19612.754348754883, 'heading': 0.5423346757888794, 'pitch': -0.0010462331119924784, 'roll': 0.0007952616433613002}",49.37791417740584,7.606344128052152,428.6,63.3,1478.1210262072643,24.514,"{'x': 0.00240476849, 'y': 0.0936574638, 'z': -0.0951367542}",683256.8689920157,668.33,854.7814,54.0,100.0,1,0,11,0.8059920157538727,0.426,94,1737.6580000000001,60,37714,0,0.4259000000000696,668.33
"{'x': 461.0124206542969, 'y': 428.5348815917969, 'z': -19595.482635498047, 'heading': 0.5446962714195251, 'pitch': -0.000727149483282119, 'roll': 0.000609101087320596}",49.37775902367554,7.606410720061177,428.5,63.7,1121.0,24.514,"{'x': 0.0540901646, 'y': 0.003171145, 'z': -0.111273572}",683256.8866864602,668.37,854.7756,54.0,100.0,1,0,11,0.8236864602658898,0.432,95,1737.7620000000002,60,37715,0,0.431699999999978,668.37
"{'x': 466.16986083984375, 'y': 428.4222106933594, 'z': -19577.89919281006, 'heading': 0.5456767678260803, 'pitch': -0.0010252112988382578, 'roll': 0.0007554189069196582}",49.377601069644925,7.606481626478509,428.4,64.0,1127.0,24.514,"{'x': 0.00286006182, 'y': -0.0193651281, 'z': -0.125522}",683256.904464238,668.4,854.7696,54.0,100.0,1,0,11,0.8414642380084842,0.438,96,1737.84,60,37716,0,0.4377000000000635,668.4
"{'x': 471.3487243652344, 'y': 428.3221740722656, 'z': -19560.52638244629, 'heading': 0.5464211106300354, 'pitch': -0.0007560260128229856, 'roll': 0.0006445801118388772}",49.37744500774802,7.6065528274319325,428.3,64.3,1133.0,24.514,"{'x': -0.00624539657, 'y': -0.0106154177, 'z': -0.0936603844}",683256.9223253491,668.4300000000001,854.7637,54.0,100.0,1,0,11,0.8593253490980715,0.444,97,1737.9180000000001,60,37717,0,0.4436000000000604,668.4300000000001
"{'x': 476.65850830078125, 'y': 428.2265319824219, 'z': -19543.093948364258, 'heading': 0.5474856495857239, 'pitch': -0.0005881551769562066, 'roll': 0.0006434037932194769}",49.37728841024459,7.606625828328139,428.2,64.6,1139.0,24.514,"{'x': -0.007807769, 'y': -0.0825385749, 'z': -0.0191792734}",683256.9402697935,668.46,854.7578,54.0,100.0,1,0,11,0.8772697935346514,0.45,98,1737.996,60,37718,0,0.4495000000000573,668.46
"{'x': 482.1155090332031, 'y': 428.10455322265625, 'z': -19525.61019897461, 'heading': 0.5485701560974121, 'pitch': -0.000926363340113312, 'roll': 0.0008588203345425427}",49.37713135177001,7.606700853215949,428.1,65.0,1145.0,24.514,"{'x': -0.005538187, 'y': 0.08996331, 'z': -0.0864960849}",683256.958325349,668.5,854.7518,54.0,100.0,1,0,11,0.8953253490617499,0.456,99,1738.1000000000001,60,37719,0,0.4555000000000291,668.5
"{'x': 487.70953369140625, 'y': 427.9978332519531, 'z': -19508.064113616943, 'heading': 0.549286425113678, 'pitch': -0.0006252658204175532, 'roll': 0.0009426419856026769}",49.37697373332447,7.60677776195996,428.0,65.4,1151.0,24.514,"{'x': -0.0403659754, 'y': -0.05389896, 'z': -0.06267998}",683256.9764920158,668.54,854.7459,54.0,100.0,1,0,11,0.9134920157957822,0.461,100,1738.204,60,37720,0,0.461400000000026,668.54
"{'x': 493.4454040527344, 'y': 427.88079833984375, 'z': -19490.149028778076, 'heading': 0.5493691563606262, 'pitch': -0.001046271063387394, 'roll': 0.000910464208573103}",49.37681280011535,7.606856620851768,427.9,65.7,1157.0,24.514,"{'x': -0.008220078, 'y': -0.0279581863, 'z': -0.110346533}",683256.9947420157,668.5699999999999,854.7397,54.0,100.0,1,0,11,0.931742015760392,0.468,101,1738.282,60,37721,0,0.4676000000000613,668.5699999999999
"{'x': 499.15399169921875, 'y': 427.7865905761719, 'z': -19472.445350646973, 'heading': 0.5498528480529785, 'pitch': -0.0009136516018770635, 'roll': 0.000914069009013474}",49.37665376599632,7.606935104650605,427.8,66.0,1158.0,24.514,"{'x': 0.004221876, 'y': 0.0148942284, 'z': -0.0514872149}",683257.013075349,578.6,854.7355,24.0,100.0,1,0,11,0.9500753490719944,0.472,102,1504.3600000000001,60,37722,0,0.4718000000000302,578.6
"{'x': 504.9277038574219, 'y': 427.6730041503906, 'z': -19454.725830078125, 'heading': 0.5502338409423828, 'pitch': -0.0008998014964163303, 'roll': 0.0007613763445988297}",49.376494589562895,7.607014483805595,427.7,66.0,1159.0,24.514,"{'x': -0.0132326214, 'y': -0.0543197244, 'z': 0.007864219}",683257.0314086825,575.6,854.7327,23.0,100.0,1,0,11,0.9684086825000122,0.475,103,1496.5600000000002,60,37723,0,0.4746000000000094,575.6
"{'x': 510.7241516113281, 'y': 427.5691833496094, 'z': -19437.02407836914, 'heading': 0.5503848195075989, 'pitch': -0.001045056851580739, 'roll': 0.0007921881042420864}",49.37633557274912,7.607094175538062,427.6,66.0,1159.0,24.514,"{'x': -0.008790188, 'y': -0.0582305267, 'z': 0.01216738}",683257.0497420158,620.6,854.7291,38.0,100.0,1,0,11,0.9867420158116147,0.478,104,1613.5600000000002,60,37724,0,0.4782000000000153,620.6
"{'x': 516.4992260932922, 'y': 427.4709777832031, 'z': -19419.312561035156, 'heading': 0.5499817132949829, 'pitch': -0.0007221407140605152, 'roll': 0.000829943863209337}",49.37617646820965,7.60717357342279,427.5,66.0,1160.0,24.514,"{'x': 0.00689498056, 'y': -0.0142793255, 'z': 0.00368697383}",683257.0680753491,620.6,854.7249,38.0,100.0,1,0,11,1.0050753491232172,0.482,105,1613.5600000000002,60,37725,0,0.4823999999999842,620.6
"{'x': 522.2230968475342, 'y': 427.3824157714844, 'z': -19401.566040039062, 'heading': 0.5493230819702148, 'pitch': -0.0005751018761657178, 'roll': 0.000878476130310446}",49.37601704922837,7.607252267339509,427.4,66.1,1163.0,24.514,"{'x': -0.01726501, 'y': -0.0772119239, 'z': 0.00166128785}",683257.0864364601,656.61,854.7197,50.0,100.0,1,0,11,1.0234364601783454,0.488,106,1707.1860000000001,60,37726,0,0.4876000000000431,656.61
"{'x': 527.973316192627, 'y': 427.2759704589844, 'z': -19383.461883544922, 'heading': 0.5488346815109253, 'pitch': -0.0005028157611377537, 'roll': 0.0005904698045924306}",49.375854417567446,7.607331323506516,427.3,66.3,1166.0,24.514,"{'x': 0.00315526081, 'y': -0.1210699, 'z': 0.0212772228}",683257.1048531268,653.63,854.714,49.0,100.0,1,0,11,1.0418531268369406,0.493,107,1699.438,60,37727,0,0.4932999999999765,653.63
"{'x': 533.6949653625488, 'y': 427.1972961425781, 'z': -19365.287231445312, 'heading': 0.5483179092407227, 'pitch': -0.0005947956233285367, 'roll': 0.000758113048505038}",49.37569115263662,7.607409986880064,427.2,66.5,1170.0,24.514,"{'x': 0.0218826141, 'y': -0.0944975, 'z': -0.015139319}",683257.1233253491,653.65,854.7083,49.0,100.0,1,0,11,1.0603253490990028,0.499,108,1699.49,60,37728,0,0.4990000000000236,653.65
"{'x': 539.2693481445312, 'y': 427.1244201660156, 'z': -19347.3251953125, 'heading': 0.5474883317947388, 'pitch': -0.0002945329179055989, 'roll': 0.0013086642138659954}",49.37552979765879,7.60748662558021,427.1,66.7,1173.0,24.514,"{'x': 0.07572985, 'y': -0.0466505475, 'z': 0.0173403081}",683257.1418531268,653.67,854.7028,49.0,100.0,1,0,11,1.0788531268481165,0.505,109,1699.542,60,37729,0,0.5045000000000073,653.67
"{'x': 544.7356338500977, 'y': 427.04803466796875, 'z': -19329.277618408203, 'heading': 0.5461655855178833, 'pitch': -0.0004450247506611049, 'roll': 0.0008256180444732308}",49.37536767425864,7.607561778121306,427.0,66.9,1174.0,24.514,"{'x': -0.0215530954, 'y': 0.00774674676, 'z': -0.0588918366}",683257.1604364602,578.69,854.6979,24.0,100.0,1,0,11,1.0974364602006972,0.509,110,1504.5940000000003,60,37730,0,0.5094000000000278,578.69
"{'x': 549.9319343566895, 'y': 426.99017333984375, 'z': -19311.1298828125, 'heading': 0.5430966019630432, 'pitch': -0.00039061091956682503, 'roll': 0.001000508782453835}",49.37520465112177,7.607633218804872,427.0,66.8,1172.0,24.514,"{'x': 0.0188464448, 'y': -0.0016380609, 'z': 0.0290366281}",683257.1789920158,560.68,854.6954,18.0,100.0,1,0,11,1.115992015809752,0.512,111,1457.768,60,37731,0,0.5119000000000824,560.68
"{'x': 554.7984313964844, 'y': 426.9290771484375, 'z': -19292.61798095703, 'heading': 0.5400766730308533, 'pitch': -0.0005745706730522215, 'roll': 0.0009381264680996537}",49.375038356638704,7.607700125226978,426.9,66.6,1168.0,24.514,"{'x': 0.0144229643, 'y': 0.006458587, 'z': 0.0695388839}",683257.1974920158,560.66,854.6932,18.0,100.0,1,0,11,1.13449201581534,0.514,112,1457.716,60,37732,0,0.5140999999999849,560.66
"{'x': 559.3448829650879, 'y': 426.8662414550781, 'z': -19274.412017822266, 'heading': 0.5380176305770874, 'pitch': -0.0005854989867657423, 'roll': 0.0008529767510481179}",49.37487481043735,7.607762631544203,426.9,66.3,1164.0,24.514,"{'x': -0.002228144, 'y': -0.0118040666, 'z': 0.06984788}",683257.2159086824,560.63,854.6909,18.0,100.0,1,0,11,1.1529086824739352,0.516,113,1457.6380000000001,60,37733,0,0.516399999999976,560.63
"{'x': 563.5809173583984, 'y': 426.8080749511719, 'z': -19256.205657958984, 'heading': 0.5351854562759399, 'pitch': -0.0006075832643546164, 'roll': 0.0007847127853892744}",49.374711260672136,7.607820870129958,426.8,66.1,1159.0,24.514,"{'x': 0.00393063435, 'y': 0.02718251, 'z': 0.07351013}",683257.2342697935,560.61,854.6887,18.0,100.0,1,0,11,1.1712697935290635,0.519,114,1457.586,60,37734,0,0.5185999999999922,560.61
"{'x': 567.4123382568359, 'y': 426.7401123046875, 'z': -19237.983337402344, 'heading': 0.5314026474952698, 'pitch': -0.0002954056835733354, 'roll': 0.0010101849911734462}",49.37454756753024,7.607873545937999,426.7,65.8,1155.0,24.514,"{'x': 0.0260069352, 'y': 0.0107068345, 'z': 0.0412479527}",683257.2525475713,560.58,854.6864,18.0,100.0,1,0,11,1.1895475713536143,0.521,115,1457.5080000000003,60,37735,0,0.5208999999999833,560.58
"{'x': 570.7792549133301, 'y': 426.68597412109375, 'z': -19219.747497558594, 'heading': 0.5277400612831116, 'pitch': -0.0005773786106146872, 'roll': 0.001021378906443715}",49.37438375294306,7.607919835567928,426.7,65.6,1150.0,24.514,"{'x': -0.0053107487, 'y': -0.0190135781, 'z': 0.0673987344}",683257.2707697935,560.56,854.6841,18.0,100.0,1,0,11,1.2077697935746983,0.523,116,1457.456,60,37736,0,0.523200000000088,560.56
"{'x': 573.7994651794434, 'y': 426.6246643066406, 'z': -19201.217864990234, 'heading': 0.524479866027832, 'pitch': -0.0005638321163132787, 'roll': 0.0010053279111161828}",49.374217299183016,7.60796135854868,426.6,65.3,1146.0,24.514,"{'x': 0.0008072553, 'y': -0.002870683, 'z': 0.07310958}",683257.2889086824,560.53,854.6819,18.0,100.0,1,0,11,1.2259086824487895,0.525,117,1457.378,60,37737,0,0.5253999999999905,560.53
"{'x': 576.4046859741211, 'y': 426.5687255859375, 'z': -19183.00520324707, 'heading': 0.5214648246765137, 'pitch': -0.0006056100828573108, 'roll': 0.0008939579129219055}",49.37405369280732,7.607997176098912,426.6,65.0,1141.0,24.514,"{'x': -0.0006747908, 'y': 0.0153410081, 'z': 0.04255263}",683257.3069642379,560.5,854.6797,18.0,100.0,1,0,11,1.243964237975888,0.528,118,1457.3,60,37738,0,0.5276000000000067,560.5
"{'x': 578.7980804443359, 'y': 426.5070495605469, 'z': -19164.836135864258, 'heading': 0.5205684304237366, 'pitch': -0.0006758092204108834, 'roll': 0.000825693947263062}",49.37389047804462,7.608030081381578,426.5,64.8,1137.0,24.514,"{'x': 0.012057038, 'y': 0.07495575, 'z': 0.03616656}",683257.324964238,560.48,854.6776,18.0,100.0,1,0,11,1.2619642380159348,0.53,119,1457.248,60,37739,0,0.529700000000048,560.48
"{'x': 581.0510787963867, 'y': 426.4440002441406, 'z': -19146.718322753906, 'heading': 0.5189606547355652, 'pitch': -0.0008397337514907122, 'roll': 0.0009733777842484415}",49.37372772370479,7.608061056445884,426.4,64.6,1134.0,24.514,"{'x': 0.07377787, 'y': 0.0334479623, 'z': 0.0224331189}",683257.3429086824,593.46,854.6746,29.0,100.0,1,0,11,1.2799086824525148,0.533,120,1542.996,60,37740,0,0.5326999999999771,593.46
"{'x': 583.0002746582031, 'y': 426.3937072753906, 'z': -19128.306274414062, 'heading': 0.5154005289077759, 'pitch': -0.00026929916930384934, 'roll': 0.0010389855597168207}",49.373562326217005,7.608087854719885,426.4,64.4,1133.0,24.514,"{'x': -0.008907793, 'y': 0.0505489744, 'z': 0.0153947342}",683257.3607975713,608.44,854.6707,34.0,100.0,1,0,11,1.2977975712856278,0.537,121,1581.9440000000002,60,37741,0,0.5366000000000213,608.44
"{'x': 584.5372467041016, 'y': 426.3212585449219, 'z': -19110.181396484375, 'heading': 0.5123298764228821, 'pitch': -0.0005246723303571343, 'roll': 0.0011763483053073287}",49.37339950841312,7.608108985586631,426.3,64.4,1132.0,24.514,"{'x': 0.000403534039, 'y': -0.08722147, 'z': 0.0513420664}",683257.3786864602,608.44,854.6669,34.0,100.0,1,0,11,1.3156864602351561,0.54,122,1581.9440000000002,60,37742,0,0.5403999999999769,608.44
"{'x': 585.7587509155273, 'y': 426.26385498046875, 'z': -19092.042694091797, 'heading': 0.5098975300788879, 'pitch': -0.0005274803261272609, 'roll': 0.0007357251597568393}",49.37323656642252,7.608125779283557,426.3,64.4,1131.0,24.514,"{'x': -0.009852206, 'y': -0.0285341647, 'z': 0.0134148318}",683257.396575349,608.44,854.6631,34.0,100.0,1,0,11,1.3335753490682691,0.544,123,1581.9440000000002,60,37743,0,0.5442000000000462,608.44
"{'x': 586.7928161621094, 'y': 426.2165222167969, 'z': -19073.904907226562, 'heading': 0.5086038112640381, 'pitch': -0.0004606583097483963, 'roll': 0.0010576167842373252}",49.373073632656215,7.608139995999464,426.2,64.3,1130.0,24.514,"{'x': -0.00598698575, 'y': -0.115865014, 'z': 0.04225509}",683257.4144364602,608.4300000000001,854.6593,34.0,100.0,1,0,11,1.3514364602742717,0.548,124,1581.9180000000001,60,37744,0,0.5480000000000018,608.4300000000001
"{'x': 587.6726913452148, 'y': 426.14654541015625, 'z': -19055.768127441406, 'heading': 0.5067590475082397, 'pitch': -0.00045716730528511107, 'roll': 0.0007956410991027951}",49.37291070793662,7.608152092852687,426.1,64.3,1130.0,24.514,"{'x': 0.0224109, 'y': 0.0178023688, 'z': 0.0371050462}",683257.4322975713,608.4300000000001,854.6556,34.0,100.0,1,0,11,1.3692975713638589,0.552,125,1581.9180000000001,60,37745,0,0.5516999999999825,608.4300000000001
"{'x': 588.20556640625, 'y': 426.0938720703125, 'z': -19037.329025268555, 'heading': 0.5031105875968933, 'pitch': -0.00043254069169051945, 'roll': 0.000999218667857349}",49.37274506742124,7.608159419018402,426.1,64.3,1129.0,24.514,"{'x': -0.00287464028, 'y': -0.03480385, 'z': -0.008352714}",683257.4501586824,608.4300000000001,854.6517,34.0,100.0,1,0,11,1.387158682453446,0.556,126,1581.9180000000001,60,37746,0,0.5556000000000267,608.4300000000001
"{'x': 588.3430480957031, 'y': 426.0292663574219, 'z': -19019.189170837402, 'heading': 0.5004252195358276, 'pitch': -0.00030109749059192836, 'roll': 0.0008559364941902459}",49.37258211508176,7.608161309168107,426.0,64.2,1129.0,24.514,"{'x': 0.000422629062, 'y': -0.159502387, 'z': 0.0602459125}",683257.4679920158,605.42,854.6479,33.0,100.0,1,0,11,1.4049920157995075,0.559,127,1574.0919999999999,60,37747,0,0.5593999999999824,605.42
"{'x': 588.3444366455078, 'y': 426.0246276855469, 'z': -19017.108573913574, 'heading': 0.5002267360687256, 'pitch': -0.0003827182517852634, 'roll': 0.0009204818052239716}",49.37256342484708,7.60816132825841,426.0,64.2,1128.0,24.514,"{'x': 0.003777022, 'y': -0.08884318, 'z': 0.104135759}",683257.4858253491,605.42,854.6475,33.0,100.0,1,0,11,1.422825349145569,0.56,128,1574.0919999999999,60,37748,0,0.5597999999999956,605.42
"{'x': 588.3443756103516, 'y': 426.0237121582031, 'z': -19016.811561584473, 'heading': 0.5001958608627319, 'pitch': -0.000423016375862062, 'roll': 0.0009349390165880322}",49.37256075675214,7.608161327419276,426.0,64.2,1126.0,24.514,"{'x': 0.00345176877, 'y': -0.0774427056, 'z': 0.10236185}",683257.5036586825,554.42,854.6475,16.0,100.0,1,0,11,1.4406586824916303,0.56,129,1441.492,60,37749,0,0.5597999999999956,554.42
"{'x': 588.0905685424805, 'y': 425.97314453125, 'z': -18998.710147857666, 'heading': 0.49650484323501587, 'pitch': -0.000476215936942026, 'roll': 0.0006944025517441332}",49.3723981497298,7.608157837984744,426.0,64.0,1120.0,24.514,"{'x': -0.010425292, 'y': 0.0504377671, 'z': 0.09730335}",683257.5214364602,506.4,854.6475,0.0,100.0,1,0,11,1.4584364602342248,0.56,130,1316.6399999999999,60,37750,0,0.5597999999999956,506.4
"{'x': 587.5437469482422, 'y': 425.9236755371094, 'z': -18981.017421722412, 'heading': 0.4940049350261688, 'pitch': -0.0004808453086297959, 'roll': 0.0008681170293129981}",49.372239213993765,7.608150320076873,425.9,63.5,1112.0,24.514,"{'x': 0.00428255, 'y': 0.0102554187, 'z': 0.134624019}",683257.5390753491,506.35,854.6475,0.0,100.0,1,0,11,1.476075349142775,0.56,131,1316.51,60,37751,0,0.5597999999999956,506.35
"{'x': 586.6853942871094, 'y': 425.8693542480469, 'z': -18963.182918548584, 'heading': 0.4919877350330353, 'pitch': -0.000599576742388308, 'roll': 0.0007365599740296602}",49.37207900465875,7.608138519123334,425.9,63.0,1103.0,24.514,"{'x': -0.008337708, 'y': 0.0155753456, 'z': 0.1596647}",683257.5565753491,506.3,854.6475,0.0,100.0,1,0,11,1.4935753491008654,0.56,132,1316.38,60,37752,0,0.5597999999999956,506.3
"{'x': 585.7334671020508, 'y': 425.8157653808594, 'z': -18945.48561823368, 'heading': 0.49071037769317627, 'pitch': -0.0004198668757453561, 'roll': 0.0008475505746901035}",49.371920027832346,7.60812543167223,425.8,62.6,1100.0,24.514,"{'x': 0.0252680611, 'y': -0.05254609, 'z': 0.05936469}",683257.5739642379,593.26,854.6444,29.0,100.0,1,0,11,1.5109642379684374,0.563,133,1542.476,60,37753,0,0.5629000000000133,593.26
"{'x': 584.3615264892578, 'y': 425.76812744140625, 'z': -18927.601654052734, 'heading': 0.4861837327480316, 'pitch': -0.0008524455479346216, 'roll': 0.0008439457160420716}",49.371759374183576,7.608106569719372,425.8,62.4,1096.0,24.514,"{'x': -0.006469926, 'y': 0.1687264, 'z': -0.0101838643}",683257.5912975713,590.24,854.6412,28.0,100.0,1,0,11,1.5282975713489577,0.566,134,1534.624,60,37754,0,0.5661000000000058,590.24
"{'x': 582.5769500732422, 'y': 425.7318115234375, 'z': -18910.082000732422, 'heading': 0.48242905735969543, 'pitch': -0.00030026270542293787, 'roll': 0.001088694203644991}",49.37160199317998,7.608082034695104,425.7,62.3,1090.0,24.514,"{'x': -0.003247437, 'y': 0.114981033, 'z': 0.0165276937}",683257.6086031268,506.23,854.6392,0.0,100.0,1,0,11,1.545603126869537,0.568,135,1316.198,60,37755,0,0.5681000000000722,506.23
"{'x': 580.3852233886719, 'y': 425.6914367675781, 'z': -18892.690887451172, 'heading': 0.47847893834114075, 'pitch': -0.0002976444666273892, 'roll': 0.0009896184783428907}",49.371445766865925,7.608051902016608,425.7,61.9,1083.0,24.514,"{'x': 0.0184965283, 'y': -0.0235955846, 'z': 0.129679888}",683257.6257975713,506.19,854.6392,0.0,100.0,1,0,11,1.5627975712995976,0.568,136,1316.094,60,37756,0,0.5681000000000722,506.19
"{'x': 577.7042388916016, 'y': 425.6398010253906, 'z': -18875.215606689453, 'heading': 0.4742673635482788, 'pitch': -0.0005152618396095932, 'roll': 0.0009001050493679941}",49.371288784465975,7.60801504283865,425.6,61.4,1078.0,24.514,"{'x': -0.02771974, 'y': -0.0156978089, 'z': 0.126532629}",683257.6428531269,596.14,854.6388,30.0,100.0,1,0,11,1.579853126895614,0.569,137,1549.964,60,37757,0,0.5685000000000855,596.14
"{'x': 574.6903762817383, 'y': 425.606689453125, 'z': -18858.202880859375, 'heading': 0.4708349108695984, 'pitch': -0.0003024255856871605, 'roll': 0.0009563402854837477}",49.37113595724868,7.60797360712785,425.6,61.0,1073.0,24.514,"{'x': -0.008820765, 'y': 0.0205883775, 'z': 0.0873464644}",683257.6597975713,602.1,854.6353,32.0,100.0,1,0,11,1.5967975712846965,0.572,138,1565.46,60,37758,0,0.5720000000000027,602.1
"{'x': 571.3691444396973, 'y': 425.567626953125, 'z': -18841.302032470703, 'heading': 0.4682040214538574, 'pitch': -0.00018263165839016438, 'roll': 0.001139351399615407}",49.37098413503893,7.607927945589844,425.6,60.9,1071.0,24.514,"{'x': -0.0244095773, 'y': -0.05113675, 'z': 0.0579454}",683257.676714238,602.09,854.6318,32.0,100.0,1,0,11,1.6137142380466685,0.576,139,1565.4340000000002,60,37759,0,0.5755000000000337,602.09
"{'x': 567.8085098266602, 'y': 425.5207214355469, 'z': -18824.49493408203, 'heading': 0.4658776521682739, 'pitch': -0.0006206365069374442, 'roll': 0.0010687727481126785}",49.37083315499592,7.607878992652969,425.5,60.7,1063.0,24.514,"{'x': -0.008003976, 'y': 0.03452793, 'z': 0.0884108}",683257.693575349,506.07,854.6313,0.0,100.0,1,0,11,1.6305753490887582,0.576,140,1315.782,60,37760,0,0.5760000000000218,506.07
"{'x': 563.9541473388672, 'y': 425.4801940917969, 'z': -18807.569305419922, 'heading': 0.4634237587451935, 'pitch': -0.0005142373265698552, 'roll': 0.000827629177365452}",49.37068111018221,7.607826001435374,425.5,60.3,1055.0,24.514,"{'x': -0.00395819, 'y': -0.0334106162, 'z': 0.09497995}",683257.7103253491,506.03,854.6313,0.0,100.0,1,0,11,1.6473253491567448,0.576,141,1315.6779999999999,60,37761,0,0.5760000000000218,506.03
"{'x': 559.9310531616211, 'y': 425.44134521484375, 'z': -18791.11834716797, 'heading': 0.4607619345188141, 'pitch': -0.0007403165800496936, 'roll': 0.0011985843302682042}",49.37053332938584,7.607770690431381,425.4,59.7,1046.0,24.514,"{'x': 0.00154574774, 'y': 0.09792176, 'z': 0.11832682}",683257.7269086824,505.97,854.6313,0.0,100.0,1,0,11,1.6639086824143305,0.576,142,1315.5220000000002,60,37762,0,0.5760000000000218,505.97
"{'x': 555.732666015625, 'y': 425.3974304199219, 'z': -18774.859924316406, 'heading': 0.46016189455986023, 'pitch': -0.0002899794781114906, 'roll': 0.0007686238968744874}",49.370387278156485,7.6077129694340675,425.4,59.3,1043.0,24.514,"{'x': 0.0463128947, 'y': -0.126856253, 'z': 0.09652496}",683257.7433809047,655.9300000000001,854.6299,50.0,100.0,1,0,11,1.680380904697813,0.577,143,1705.4180000000001,60,37763,0,0.5774000000000115,655.9300000000001
"{'x': 551.6560707092285, 'y': 425.3710021972656, 'z': -18758.664520263672, 'heading': 0.4609934687614441, 'pitch': -0.00037110692937858403, 'roll': 0.0009584272629581392}",49.37024179303205,7.607656922876534,425.4,59.1,1041.0,24.514,"{'x': -0.000734928763, 'y': -0.121588096, 'z': 0.0451618358}",683257.7597975713,658.91,854.6247,51.0,100.0,1,0,11,1.6967975713778287,0.583,144,1713.166,60,37764,0,0.5826000000000704,658.91
"{'x': 547.5546531677246, 'y': 425.31585693359375, 'z': -18742.17803955078, 'heading': 0.4612293839454651, 'pitch': -0.0002712723216973245, 'roll': 0.0008316513849422336}",49.37009369313344,7.607600535053624,425.3,59.3,1044.0,24.514,"{'x': -0.00633192062, 'y': 0.104793407, 'z': -0.05896065}",683257.7762697935,655.9300000000001,854.6196,50.0,100.0,1,0,11,1.713269793544896,0.588,145,1705.4180000000001,60,37765,0,0.5877000000000407,655.9300000000001
"{'x': 543.2347755432129, 'y': 425.27813720703125, 'z': -18725.6962890625, 'heading': 0.45678651332855225, 'pitch': -0.0001634691871004179, 'roll': 0.0008875071653164923}",49.36994563572696,7.607541143759756,425.3,59.5,1047.0,24.514,"{'x': -0.07552169, 'y': -0.0378021933, 'z': -0.0463373}",683257.7927975713,206.711274373046,854.6143,50.25375812434867,100.0,1,0,11,1.72979757131543,0.593,146,537.4493133699197,60,37766,0,0.5930000000000746,206.711274373046
"{'x': 538.5266056060791, 'y': 425.23321533203125, 'z': -18709.837951660156, 'heading': 0.45276373624801636, 'pitch': -0.0007307163905352354, 'roll': 0.0011370746651664376}",49.36980317850991,7.607476414077895,425.2,59.960603791779036,1051.0,24.514,"{'x': -0.0347643942, 'y': 0.0625498444, 'z': -0.102953486}",683257.8094532946,206.7573347522239,854.6093,50.25375812434867,100.0,1,0,11,1.7464532946469262,0.598,147,537.5690703557822,60,37767,0,0.59800000000007,206.7573347522239
"{'x': 533.3763389587402, 'y': 425.1872863769531, 'z': -18693.759399414062, 'heading': 0.4498113989830017, 'pitch': -0.0003317574446555227, 'roll': 0.000693226233124733}",49.36965874307831,7.60740560628505,425.2,60.42120758355807,1054.0,24.514,"{'x': -0.0238982886, 'y': -0.025753228, 'z': -0.0732892}",683257.8262369634,206.80339513140183,854.6042,50.25375812434867,100.0,1,0,11,1.763236963422969,0.603,148,537.6888273416448,60,37768,0,0.6031000000000404,206.80339513140183
"{'x': 527.7867679595947, 'y': 425.1527404785156, 'z': -18676.883590698242, 'heading': 0.44882601499557495, 'pitch': -0.00017363857477903366, 'roll': 0.0009082633187063038}",49.36950714580274,7.607328758771611,425.2,60.88181137533711,1059.0,24.514,"{'x': 0.004794229, 'y': -0.0150934327, 'z': -0.07964093}",683257.8431485776,206.84945551057973,854.5988,50.25375812434867,100.0,1,0,11,1.7801485776435584,0.609,149,537.8085843275073,60,37769,0,0.6085000000000491,206.84945551057973
"{'x': 522.5524282455444, 'y': 425.0944519042969, 'z': -18661.29443359375, 'heading': 0.44823479652404785, 'pitch': -0.00060208112699911, 'roll': 0.0011470923200249672}",49.36936710666239,7.607256795110789,425.1,61.34241516711614,1062.0,24.514,"{'x': -0.0112120435, 'y': -0.0548704229, 'z': -0.03983681}",683257.8601881374,206.89551588975763,854.5938,50.25375812434867,100.0,1,0,11,1.7971881374251097,0.614,150,537.9283413133699,60,37770,0,0.6135000000000446,206.89551588975763
"{'x': 517.1496906280518, 'y': 425.0419616699219, 'z': -18645.399688720703, 'heading': 0.44744446873664856, 'pitch': -0.00022349896607920527, 'roll': 0.0010423248168081045}",49.36922432239296,7.6071825162525855,425.0,61.80301895889518,1066.0,24.514,"{'x': 0.0662049949, 'y': -0.0565378964, 'z': -0.013628806}",683257.8773556426,206.94157626893553,854.5887,50.25375812434867,100.0,1,0,11,1.8143556426512077,0.619,151,538.0480982992324,60,37771,0,0.6186000000000149,206.94157626893553
"{'x': 511.56463623046875, 'y': 424.9792785644531, 'z': -18629.507614135742, 'heading': 0.44566500186920166, 'pitch': -0.00042673503048717976, 'roll': 0.0008728222455829382}",49.36908156211102,7.607105730835074,425.0,62.263622750674216,1070.0,24.514,"{'x': -0.00157174468, 'y': -0.008689683, 'z': -0.0300632}",683257.8946510934,206.98763664811344,854.5837,50.25375812434867,100.0,1,0,11,1.8316510934382677,0.624,152,538.1678552850949,60,37772,0,0.6236000000000104,206.98763664811344
"{'x': 505.82794189453125, 'y': 424.93316650390625, 'z': -18613.60287475586, 'heading': 0.4444672167301178, 'pitch': -0.0003082312468905002, 'roll': 0.00086128682596609}",49.36893868805982,7.607026860614955,424.9,62.824226542453246,1074.0,24.514,"{'x': -0.003210988, 'y': -0.06633267, 'z': -0.0250505041}",683257.9121022675,207.04369702729133,854.5785,50.25375812434867,100.0,1,0,11,1.8491022675298154,0.629,153,538.3136122709575,60,37773,0,0.6288000000000693,207.04369702729133
"{'x': 499.77227783203125, 'y': 424.8954772949219, 'z': -18597.45445251465, 'heading': 0.4424895644187927, 'pitch': -0.0003375631058588624, 'roll': 0.0008062279084697366}",49.36879362497824,7.6069436050796915,424.9,63.28483033423229,1077.0,24.514,"{'x': 0.0194055475, 'y': 0.00925903, 'z': -0.0613526255}",683257.929681387,207.08975740646923,854.5734,50.25375812434867,100.0,1,0,11,1.8666813870659098,0.634,154,538.43336925682,60,37774,0,0.6339000000000397,207.08975740646923
"{'x': 493.62200927734375, 'y': 424.8586730957031, 'z': -18581.282440185547, 'heading': 0.44157832860946655, 'pitch': -0.0002831492747645825, 'roll': 0.0010156490607187152}",49.36864834998427,7.606859048886473,424.9,63.64543412601132,1080.0,24.514,"{'x': -0.00370818283, 'y': 0.0156492125, 'z': -0.0406151}",683257.9473606743,207.12581778564714,854.5681,50.25375812434867,100.0,1,0,11,1.884360674303025,0.639,155,538.5271262426826,60,37775,0,0.6392000000000735,207.12581778564714
"{'x': 487.2209167480469, 'y': 424.8173522949219, 'z': -18565.151763916016, 'heading': 0.4391670823097229, 'pitch': -0.0001935979089466855, 'roll': 0.0010461572092026472}",49.36850344631674,7.606771044271406,424.8,64.10603791779036,1083.0,24.514,"{'x': -0.0368483178, 'y': -0.114513613, 'z': -0.0185957812}",683257.965167907,207.17187816482505,854.5628,50.25375812434867,100.0,1,0,11,1.9021679069846869,0.644,156,538.6468832285451,60,37776,0,0.6444999999999936,207.17187816482505
"{'x': 480.5614929199219, 'y': 424.7897033691406, 'z': -18548.76471710205, 'heading': 0.438214510679245, 'pitch': -0.00026671888190321624, 'roll': 0.0007690033526159823}",49.36835623964396,7.606679488020988,424.8,64.5666417095694,1088.0,24.514,"{'x': 0.0032196315, 'y': -0.06482604, 'z': -0.04059219}",683257.9831030853,243.21793854400295,854.5572,62.25375812434867,100.0,1,0,11,1.920103085343726,0.65,157,632.3666402144077,60,37777,0,0.6501000000000658,243.21793854400295
"{'x': 473.7958068847656, 'y': 424.7547302246094, 'z': -18532.355270385742, 'heading': 0.43764588236808777, 'pitch': 1.658218025113456e-05, 'roll': 0.0008518004324287176}",49.36820883175035,7.606586470837989,424.8,65.02724550134843,1092.0,24.514,"{'x': -0.0126984622, 'y': -0.0491277, 'z': -0.02692737}",683258.001166209,240.26399892318085,854.5507,61.25375812434867,100.0,1,0,11,1.9381662090308964,0.657,158,624.6863972002702,60,37778,0,0.6566000000000258,240.26399892318085
"{'x': 467.0956726074219, 'y': 424.7303466796875, 'z': -18516.14781188965, 'heading': 0.4374781847000122, 'pitch': 6.67461208649911e-05, 'roll': 0.0010628532618284225}",49.368063238339495,7.606494354885083,424.7,65.58784929312746,1097.0,24.514,"{'x': 0.105719939, 'y': -0.0814647153, 'z': -0.0448610038}",683258.019385056,240.32005930235874,854.5443,61.25375812434867,100.0,1,0,11,1.9563850560225546,0.663,159,624.8321541861327,60,37779,0,0.6630000000000109,240.32005930235874
"{'x': 460.16302490234375, 'y': 424.7161865234375, 'z': -18499.640007019043, 'heading': 0.43621397018432617, 'pitch': -3.392327198525891e-05, 'roll': 0.0009465123875997961}",49.3679149468836,7.606399042250577,424.7,66.14845308490649,1102.0,24.514,"{'x': 0.000354493037, 'y': -0.248905852, 'z': -0.0164555889}",683258.0377596263,240.37611968153666,854.5378,61.25375812434867,100.0,1,0,11,1.9747596263187006,0.67,160,624.9779111719954,60,37780,0,0.6695000000000846,240.37611968153666
"{'x': 453.3160400390625, 'y': 424.717041015625, 'z': -18483.642433166504, 'heading': 0.4354892075061798, 'pitch': -0.00019352202070876956, 'roll': 0.000768472149502486}",49.36777123888996,7.606304907340871,424.7,66.60905687668554,1106.0,24.514,"{'x': -0.0260050241, 'y': -0.06687716, 'z': -0.008925088}",683258.0562621421,240.42218006071457,854.5314,61.25375812434867,100.0,1,0,11,1.9932621421758085,0.676,161,625.0976681578579,60,37781,0,0.6759000000000697,240.42218006071457
"{'x': 446.2108459472656, 'y': 424.702880859375, 'z': -18467.041107177734, 'heading': 0.4359157085418701, 'pitch': 0.00015049183275550604, 'roll': 0.0008786279358901083}",49.3676221073234,7.606207222474083,424.7,67.16966066846457,1111.0,24.514,"{'x': -0.0104895979, 'y': 0.0505170748, 'z': -0.09171496}",683258.0749203812,240.47824043989246,854.5249,61.25375812434867,100.0,1,0,11,2.011920381220989,0.682,162,625.2434251437204,60,37782,0,0.6824000000000296,240.47824043989246
"{'x': 439.2806396484375, 'y': 424.7108154296875, 'z': -18450.60883331299, 'heading': 0.43681198358535767, 'pitch': 3.642767478595488e-05, 'roll': 0.0008133616647683084}",49.36747449437097,7.606111943404944,424.7,67.63026446024361,1115.0,24.514,"{'x': -0.00338607142, 'y': -0.09064122, 'z': -0.0346066654}",683258.0937065658,237.52430081907036,854.5184,60.25375812434867,100.0,1,0,11,2.0307065658271313,0.689,163,617.563182129583,60,37783,0,0.6888999999999896,237.52430081907036
"{'x': 432.300048828125, 'y': 424.70751953125, 'z': -18433.80879688263, 'heading': 0.43767812848091125, 'pitch': -0.00013815955026075244, 'roll': 0.0010019128676503897}",49.36732357776632,7.606015971630552,424.7,68.19086825202264,1119.0,24.514,"{'x': -0.00868346, 'y': 0.03628979, 'z': -0.103170976}",683258.1126484736,237.58036119824828,854.5118,60.25375812434867,100.0,1,0,11,2.049648473621346,0.696,164,617.7089391154456,60,37784,0,0.6955000000000382,237.58036119824828
"{'x': 425.5360107421875, 'y': 424.7249755859375, 'z': -18417.166259765625, 'heading': 0.43919703364372253, 'pitch': 0.0001653285144129768, 'roll': 0.0007774272817187011}",49.36717407599559,7.605922977104176,424.7,68.65147204380168,1123.0,24.514,"{'x': -0.0126718963, 'y': -0.1085607, 'z': -0.0494273156}",683258.131718327,237.62642157742619,854.5054,60.25375812434867,100.0,1,0,11,2.068718326976523,0.702,165,617.8286961013081,60,37785,0,0.7019000000000233,237.62642157742619
"{'x': 418.935302734375, 'y': 424.7374267578125, 'z': -18400.395935058594, 'heading': 0.44098609685897827, 'pitch': 0.00033300966606475413, 'roll': 0.0005702069611288607}",49.367023426294665,7.605832228100824,424.7,69.11207583558071,1126.0,24.514,"{'x': 0.012118971, 'y': -0.05795625, 'z': -0.04863763}",683258.1509161259,237.6724819566041,854.4988,60.25375812434867,100.0,1,0,11,2.0879161258926615,0.709,166,617.9484530871706,60,37786,0,0.7085000000000719,237.6724819566041
"{'x': 412.4916687011719, 'y': 424.7605895996094, 'z': -18383.506805419922, 'heading': 0.44248008728027344, 'pitch': 0.00020813103765249252, 'roll': 0.0009202540968544781}",49.36687170935576,7.605743638609244,424.8,69.57267962735975,1130.0,24.514,"{'x': 0.008139494, 'y': -0.013524916, 'z': -0.05801072}",683258.1702418702,237.718542335782,854.4923,60.25375812434867,100.0,1,0,11,2.107241870253347,0.715,167,618.0682100730332,60,37787,0,0.7150000000000318,237.718542335782
"{'x': 406.0380554199219, 'y': 424.7860107421875, 'z': -18366.24545288086, 'heading': 0.44343283772468567, 'pitch': 0.0003447727649472654, 'roll': 0.0010407690424472094}",49.36671664869694,7.6056549119192285,424.8,70.03328341913878,1132.0,24.514,"{'x': 0.01544232, 'y': -0.128060073, 'z': -0.02883859}",683258.18969556,234.7646027149599,854.4858,59.25375812434867,100.0,1,0,11,2.126695560058579,0.721,168,610.3879670588957,60,37788,0,0.7214999999999918,234.7646027149599
"{'x': 399.7608947753906, 'y': 424.8186340332031, 'z': -18349.18588256836, 'heading': 0.44411972165107727, 'pitch': 0.00046517379814758897, 'roll': 0.0004646805173251778}",49.36656340067042,7.605568611166082,424.8,70.39388721091782,1135.0,24.514,"{'x': 0.06203445, 'y': -0.06307813, 'z': -0.06128391}",683258.2092494175,225.8006630941378,854.4795,56.25375812434867,100.0,1,0,11,2.1462494175648317,0.728,169,587.0817240447583,60,37789,0,0.727800000000002,225.8006630941378
"{'x': 393.552734375, 'y': 424.8416442871094, 'z': -18332.063110351562, 'heading': 0.4450016915798187, 'pitch': 0.0006086457287892699, 'roll': 0.0008390507427975535}",49.36640958489413,7.605483259054109,424.8,70.75449100269685,1137.0,24.514,"{'x': 0.004466614, 'y': -0.0444945469, 'z': 0.0276059117}",683258.2289034429,225.8367234733157,854.4734,56.25375812434867,100.0,1,0,11,2.1659034428885207,0.734,170,587.1754810306209,60,37790,0,0.7339000000000624,225.8367234733157
"{'x': 387.5349426269531, 'y': 424.8779602050781, 'z': -18314.528778076172, 'heading': 0.4491461515426636, 'pitch': 0.00048410860472358763, 'roll': 0.0006275805062614381}",49.36625207202784,7.605400524201594,424.9,71.11509479447588,1138.0,24.514,"{'x': 0.0252248086, 'y': 0.02308773, 'z': 0.06306113}",683258.2486576359,225.8727838524936,854.4672,56.25375812434867,100.0,1,0,11,2.1856576359132305,0.74,171,587.2692380164834,60,37791,0,0.740099999999984,225.8727838524936
"{'x': 382.1064758300781, 'y': 424.9358215332031, 'z': -18297.404388427734, 'heading': 0.4519573450088501, 'pitch': 0.0006021190783940256, 'roll': 0.0006336517981253564}",49.36609824172198,7.605325891609006,424.9,64.7,1139.0,24.514,"{'x': -0.006002051, 'y': -0.0399607345, 'z': 0.0267818924}",683258.2666298581,659.47,854.4612,51.0,100.0,1,0,11,2.2036298580933362,0.746,172,1714.622,60,37792,0,0.7461000000000695,659.47
"{'x': 376.8120422363281, 'y': 424.98321533203125, 'z': -18279.941009521484, 'heading': 0.4538896977901459, 'pitch': 0.0004526517877820879, 'roll': 0.0005594303947873414}",49.365941366237735,7.605253101755042,425.0,64.4,1128.0,24.514,"{'x': 0.02722325, 'y': 0.140362173, 'z': 0.1945361}",683258.2845187469,506.44,854.4609,0.0,100.0,1,0,11,2.2215187469264492,0.746,173,1316.7440000000001,60,37793,0,0.7463999999999942,506.44
"{'x': 371.7591552734375, 'y': 425.031982421875, 'z': -18262.546875, 'heading': 0.4555271863937378, 'pitch': 0.0004059788479935378, 'roll': 0.0007780343876220286}",49.365785112783534,7.605183632774534,425.0,63.8,1118.0,24.514,"{'x': 0.05045438, 'y': -0.0486531332, 'z': 0.200899258}",683258.3022409691,506.38,854.4609,0.0,100.0,1,0,11,2.239240969181992,0.746,174,1316.588,60,37794,0,0.7463999999999942,506.38
"{'x': 367.02703857421875, 'y': 425.08123779296875, 'z': -18245.900604248047, 'heading': 0.45614808797836304, 'pitch': 0.00029654402169398963, 'roll': 0.0007381157483905554}",49.36563557747315,7.605118573863628,425.1,62.3,1088.0,24.514,"{'x': -0.002056867, 'y': 0.0410983935, 'z': 1.33458483}",683258.3195465247,506.23,854.4609,0.0,100.0,1,1,11,2.2565465247025713,0.746,175,1316.198,60,37795,0,0.7463999999999942,506.23
"{'x': 362.6069030761719, 'y': 425.11273193359375, 'z': -18230.139068603516, 'heading': 0.45668908953666687, 'pitch': -0.0006439350545406342, 'roll': 0.0011105886660516262}",49.36549398983711,7.605057804187003,425.1,51.0,1007.0,24.514,"{'x': -0.00488547, 'y': 0.031578593, 'z': 3.90785146}",683258.3337131914,589.1,854.4603,28.0,100.0,1,1,11,2.2707131914794445,0.747,176,1531.66,60,37796,0,0.7470000000000709,589.1
"{'x': 359.390625, 'y': 425.1319580078125, 'z': -18218.53790283203, 'heading': 0.4570370316505432, 'pitch': -0.0007870274712331593, 'roll': 0.0010036962339654565}",49.36538977526856,7.605013585592638,425.1,34.8,1154.0,24.514,"{'x': -0.009502781, 'y': -0.02035096, 'z': 4.71410942}",683258.3433798581,653.48,854.4579,50.0,100.0,1,1,10,2.280379858100787,0.749,177,1699.048,60,37797,0,0.7494000000000369,653.48
"{'x': 357.4371032714844, 'y': 425.1497802734375, 'z': -18211.446075439453, 'heading': 0.4572177529335022, 'pitch': -0.0009328899905085564, 'roll': 0.0007532560266554356}",49.365326068590576,7.604986727845003,425.1,18.7,950.0,24.514,"{'x': 0.00422770064, 'y': -0.0026279022, 'z': 4.16576}",683258.3485743025,570.87,854.4567,23.0,100.0,1,1,8,2.2855743025429547,0.751,178,1484.2620000000002,60,37798,0,0.7506000000000768,570.87
"{'x': 356.6113586425781, 'y': 425.15631103515625, 'z': -18208.43927001953, 'heading': 0.4572581648826599, 'pitch': -0.0011241352185606956, 'roll': 0.0007011189009062946}",49.36529905812148,7.604975375198892,425.2,3.6,600.0,24.514,"{'x': 0.00373057066, 'y': -0.007269836, 'z': 3.7413156}",683258.3495743026,500.36,854.4556,0.0,100.0,1,1,2,2.286574302590452,0.752,179,1300.9360000000001,60,37799,0,0.751700000000028,500.36
"{'x': 356.5872802734375, 'y': 425.1661071777344, 'z': -18208.351196289062, 'heading': 0.45726871490478516, 'pitch': 0.0003233714960515499, 'roll': 0.0007081388030201197}",49.36529826694532,7.604975044160463,425.2,-0.0,600.0,24.514,"{'x': -0.00043137, 'y': 0.0444830246, 'z': -0.0538522638}",683258.3495743026,500.0,854.4547,0.0,100.0,1,1,1,2.286574302590452,0.753,180,1300.0,60,37800,0,0.7526000000000295,500.0
"{'x': 356.5872802734375, 'y': 425.1657409667969, 'z': -18208.351013183594, 'heading': 0.4572686553001404, 'pitch': 0.0003162377397529781, 'roll': 0.0007101499359123409}",49.36529826530046,7.604975044160463,425.2,-0.0,600.0,24.514,"{'x': 0.00179198838, 'y': 0.00766787445, 'z': -0.0015283844}",683258.3495743026,500.0,854.4539,0.0,100.0,1,1,1,2.286574302590452,0.753,181,1300.0,60,37801,0,0.753400000000056,500.0
"{'x': 356.5872802734375, 'y': 425.1658020019531, 'z': -18208.351013183594, 'heading': 0.4572686553001404, 'pitch': 0.0003162377397529781, 'roll': 0.0007101499359123409}",49.36529826530046,7.604975044160463,425.2,-0.0,600.0,24.514,"{'x': -0.0002986894, 'y': -0.004660409, 'z': -0.000155346119}",683258.3495743026,500.0,854.453,0.0,100.0,1,1,1,2.286574302590452,0.754,182,1300.0,60,37802,0,0.7543000000000575,500.0
"{'x': 356.5872802734375, 'y': 425.165771484375, 'z': -18208.351013183594, 'heading': 0.4572686553001404, 'pitch': 0.0003162377397529781, 'roll': 0.0007101499359123409}",49.36529826530046,7.604975044160463,425.2,-0.0,600.0,24.514,"{'x': -0.000209125268, 'y': -0.000333831238, 'z': 0.000243083967}",683258.3495743026,500.0,854.4525,0.0,100.0,1,1,1,2.286574302590452,0.755,183,1300.0,60,37803,0,0.7548000000000457,500.0
